name,path,accessed_time
,ms-gamingoverlay://kglcheck/,
,ms-gamingoverlay:///,
#2. 악성코드 분석 (흔적을 남기지 말라).pdf,C:\Users\User\Desktop\순천향대학교\2022-2\악성코드분석\악성코드분석\#2. 악성코드 분석 (흔적을 남기지 말라).pdf,2022-10-14 오후 9:52:17
(붙임1) (SW중심대학사업단) 2022 SCH AI·SW Festival_학과별 수상자 명단.xlsx,C:\Users\User\Downloads\(붙임1) (SW중심대학사업단) 2022 SCH AI·SW Festival_학과별 수상자 명단.xlsx,2022-11-17 오후 8:28:41
(붙임2) 2022 SCH AI·SW Festival_포스터양식_정보보호학과.pptx,C:\Users\User\Desktop\(붙임2) 2022 SCH AI·SW Festival_포스터양식_정보보호학과.pptx,2022-10-30 오전 2:25:48
(붙임2) 상금 지급 서류_서식.hwp,C:\Users\User\Downloads\(붙임2) 상금 지급 서류_서식.hwp,2022-11-17 오후 8:28:28
(양식)O조_OOO (PM이름)_OOOOOOOOO(프로젝트명)_WBS_V.1.0.xlsx,C:\Users\User\Desktop\3. 수행계획서및WBS-221005 제출\(양식)O조_OOO (PM이름)_OOOOOOOOO(프로젝트명)_WBS_V.1.0.xlsx,2022-09-29 오후 2:11:20
(양식)O조_OOO (PM이름)_OOOOOOOOO(프로젝트명)_프로젝트계획서_V.1.0.docx,C:\Users\User\Desktop\3. 수행계획서및WBS-221005 제출\(양식)O조_OOO (PM이름)_OOOOOOOOO(프로젝트명)_프로젝트계획서_V.1.0.docx,2022-09-29 오후 2:11:20
(예시)1조_홍길동_사회공학 침투테스트_WBS_V.2.0.xlsx,C:\Users\User\Desktop\3. 수행계획서및WBS-221005 제출\(예시)1조_홍길동_사회공학 침투테스트_WBS_V.2.0.xlsx,2022-09-29 오후 2:11:20
0.txt,C:\Users\User\Desktop\순천향대학교\2022-2\제어시스템보안\족보\2021_Control_System\Data\attack_arbid\0.txt,2022-10-05 오후 2:14:13
07 스택 프래임 변조 - BO (1).pptx,C:\Users\User\Desktop\07 스택 프래임 변조 - BO (1).pptx,2022-10-19 오후 4:45:01
1. BoB 주간보고서(예제포함)-매주 월요일 제출.hwp,C:\Users\User\Desktop\1. BoB 주간보고서(예제포함)-매주 월요일 제출.hwp,2022-09-28 오후 5:17:08
1.2v캡스톤 2학기 12주차.pptx,C:\Users\User\Desktop\1.2v캡스톤 2학기 12주차.pptx,2022-11-17 오전 10:45:47
1003 DF ATT&CK 주간보고서 1주차.hwp,C:\Users\User\Desktop\1003 DF ATT&CK 주간보고서 1주차.hwp,2022-10-03 오후 8:47:29
1016 DF ATT&CK 주간보고서 3주차.hwp,C:\Users\User\Desktop\1016 DF ATT&CK 주간보고서 3주차.hwp,2022-10-15 오후 3:26:37
1차발표 (1).pdf,C:\Users\User\Desktop\1차발표 (1).pdf,2022-10-20 오후 9:11:04
1차발표_최종.pdf,C:\Users\User\Desktop\1차발표_최종.pdf,2022-10-20 오후 9:00:11
20184587_이익규+Write-up_2022년_연초.pdf,C:\Users\User\Desktop\SecurityFirst\Write-up\20184587_이익규+Write-up_2022년_연초.pdf,2022-03-06 오후 11:32:11
20184587_이익규+Write-up_2022년_연초.pdf,C:\Users\User\Desktop\SecurityFirst\Write-up\20184587_이익규+Write-up_2022년_연초.pdf,2022-03-06 오후 11:32:11
2019 피부 퀴즈.docx,C:\Users\User\Desktop\순천향대학교\2022-2\피부와생활과건강\피부생활과 건강 족보\피부와 생활건강 19_21 시험 기출문제 모음만점기준\2019년\퀴즈\2019 피부 퀴즈.docx,2022-10-12 오후 1:34:18
2019-1 피부건강 중간족보.pdf,C:\Users\User\Desktop\순천향대학교\2022-2\피부와생활과건강\피부생활과 건강 족보\2019-1 피부건강 중간족보.pdf,2022-10-05 오후 5:07:14
2019-2 피부건강 중간족보.hwp,C:\Users\User\Desktop\순천향대학교\2022-2\피부와생활과건강\피부생활과 건강 족보\2019-2 피부건강 중간족보.hwp,2021-10-23 오후 7:54:20
2020퀴즈.docx,C:\Users\User\Desktop\순천향대학교\2022-2\피부와생활과건강\피부생활과 건강 족보\피부와 생활건강 19_21 시험 기출문제 모음만점기준\2020년\퀴즈\2020퀴즈.docx,2022-10-12 오후 1:34:18
2021 피부 퀴즈.pdf,C:\Users\User\Desktop\순천향대학교\2022-2\피부와생활과건강\피부생활과 건강 족보\피부와 생활건강 19_21 시험 기출문제 모음만점기준\2021년\2021 피부 퀴즈.pdf,2022-10-11 오후 4:12:23
2022 산업위생학개론 10 IH statistics.pdf,C:\Users\User\Desktop\2022 산업위생학개론 10 IH statistics.pdf,2022-12-08 오전 2:01:14
2022 산업위생학개론 11 NIOSH sampling strategy 1977.pdf,C:\Users\User\Desktop\2022 산업위생학개론 11 NIOSH sampling strategy 1977.pdf,2022-12-08 오전 2:01:18
2022 산업위생학개론 5.en.ko.PDF,C:\Users\User\Downloads\2022 산업위생학개론 5.en.ko.PDF,2022-12-08 오전 2:06:06
2022 산업위생학개론 5.PDF,C:\Users\User\Desktop\2022 산업위생학개론 5.PDF,2022-12-08 오전 2:01:22
2022 산업위생학개론 6 exposure assessment concepts.pdf,C:\Users\User\Desktop\2022 산업위생학개론 6 exposure assessment concepts.pdf,2022-12-08 오전 2:01:26
2022 산업위생학개론 7 sampling & monitoring.pdf,C:\Users\User\Desktop\2022 산업위생학개론 7 sampling & monitoring.pdf,2022-12-08 오전 2:01:31
2022 산업위생학개론 8 aerosol sampling.nso.ko.pdf,C:\Users\User\Downloads\2022 산업위생학개론 8 aerosol sampling.nso.ko.pdf,2022-12-08 오전 2:04:27
2022 산업위생학개론 9 gas and vapor sampling.en.ko.pdf,C:\Users\User\Downloads\2022 산업위생학개론 9 gas and vapor sampling.en.ko.pdf,2022-12-08 오전 2:03:48
2022-10-21 17-23-06.mkv,C:\Users\User\Videos\2022-10-21 17-23-06.mkv,2022-10-21 오후 5:23:12
2022-10-21 17-24-16.mkv,C:\Users\User\Videos\2022-10-21 17-24-16.mkv,2022-10-21 오후 5:24:20
2022-10-21 17-33-28.mkv,C:\Users\User\Videos\2022-10-21 17-33-28.mkv,2022-10-21 오후 5:42:05
20221114132314_PECmd_Output.csv,C:\Users\User\Desktop\Me\Code\PY\DF_CAT_Forensic_Tool\20221114132314_PECmd_Output.csv,2022-11-14 오후 10:23:14
20221128172248_user_Activity.csv,C:\Users\User\Desktop\tools\20221128172248_user_Activity.csv,2022-11-28 오후 5:22:48
20221128172248_user_Activity_PackageIDs.csv,C:\Users\User\Desktop\tools\20221128172248_user_Activity_PackageIDs.csv,2022-11-28 오후 5:22:48
20221128172746_user_Activity.csv,C:\Users\User\Desktop\tools\20221128172746_user_Activity.csv,2022-11-28 오후 5:27:47
20221128174314_Amcache_DeviceContainers.csv,C:\Users\User\Desktop\tools\20221128174314_Amcache_DeviceContainers.csv,2022-11-28 오후 5:43:17
20221128174314_Amcache_DevicePnps.csv,C:\Users\User\Desktop\tools\20221128174314_Amcache_DevicePnps.csv,2022-11-28 오후 5:43:17
20221128174314_Amcache_DriveBinaries.csv,C:\Users\User\Desktop\tools\20221128174314_Amcache_DriveBinaries.csv,2022-11-28 오후 5:43:17
20221128174314_Amcache_DriverPackages.csv,C:\Users\User\Desktop\tools\20221128174314_Amcache_DriverPackages.csv,2022-11-28 오후 5:43:17
20221128174314_Amcache_ShortCuts.csv,C:\Users\User\Desktop\tools\20221128174314_Amcache_ShortCuts.csv,2022-11-28 오후 5:43:17
20221128174314_Amcache_UnassociatedFileEntries.csv,C:\Users\User\Desktop\tools\20221128174314_Amcache_UnassociatedFileEntries.csv,2022-11-28 오후 5:43:17
20221128175129_Windows10Creators_DESKTOP-242F37A_AppCompatCache.csv,C:\Users\User\Desktop\tools\20221128175129_Windows10Creators_DESKTOP-242F37A_AppCompatCache.csv,2022-11-28 오후 5:51:29
20221128175224_Windows10Creators_DESKTOP-242F37A_AppCompatCache.csv,C:\Users\User\Desktop\tools\20221128175224_Windows10Creators_DESKTOP-242F37A_AppCompatCache.csv,2022-11-28 오후 5:52:25
20221128175317_Windows10Creators_DESKTOP-242F37A_AppCompatCache.csv,C:\Users\User\Desktop\tools\20221128175317_Windows10Creators_DESKTOP-242F37A_AppCompatCache.csv,2022-11-28 오후 5:53:17
21년_기술유출방지시스템_구축사업_운영지침(기업용).hwp,C:\Users\User\Desktop\21년_기술유출방지시스템_구축사업_운영지침(기업용).hwp,2022-10-20 오후 9:33:41
2B0.txt,C:\Users\User\Desktop\순천향대학교\2022-2\제어시스템보안\족보\2021_Control_System\Data\attack_arbid\2B0.txt,2022-10-05 오후 2:10:13
2B0.txt,C:\Users\User\Desktop\순천향대학교\2022-2\제어시스템보안\족보\2021_Control_System\Data\normal_arbid\2B0.txt,2022-10-05 오후 2:20:54
2차발표 피드백.m4a,C:\Users\User\Desktop\2차발표 피드백.m4a,2022-11-21 오후 7:54:19
4. 프로젝트 수행계획 변경서-221026 마감.hwp,C:\Users\User\Desktop\4. 프로젝트 수행계획 변경서-221026 마감.hwp,2022-09-28 오후 5:17:11
495.txt,C:\Users\User\Desktop\순천향대학교\2022-2\제어시스템보안\족보\2021_Control_System\Data\attack_arbid\495.txt,2022-10-05 오후 2:01:30
4A2.txt,C:\Users\User\Desktop\순천향대학교\2022-2\제어시스템보안\족보\2021_Control_System\Data\attack_arbid\4A2.txt,2022-10-05 오후 2:01:26
4A7.txt,C:\Users\User\Desktop\순천향대학교\2022-2\제어시스템보안\족보\2021_Control_System\Data\attack_arbid\4A7.txt,2022-10-05 오후 2:01:25
4A9.txt,C:\Users\User\Desktop\순천향대학교\2022-2\제어시스템보안\족보\2021_Control_System\Data\attack_arbid\4A9.txt,2022-10-05 오후 2:01:22
5. 프로젝트 결과 보고서(요약본)-221221 제출.hwp,C:\Users\User\Desktop\5. 프로젝트 결과 보고서(요약본)-221221 제출.hwp,2022-09-28 오후 5:17:12
593.txt,C:\Users\User\Desktop\순천향대학교\2022-2\제어시스템보안\족보\2021_Control_System\Data\attack_arbid\593.txt,2022-10-05 오후 1:56:52
5A6.txt,C:\Users\User\Desktop\순천향대학교\2022-2\제어시스템보안\족보\2021_Control_System\Data\attack_arbid\5A6.txt,2022-10-05 오후 1:56:51
5BE.txt,C:\Users\User\Desktop\순천향대학교\2022-2\제어시스템보안\족보\2021_Control_System\Data\normal_arbid\5BE.txt,2022-10-05 오후 2:14:18
6. 프로젝트 결과보고서(전체본)-221221 제출.docx,C:\Users\User\Desktop\6. 프로젝트 결과보고서(전체본)-221221 제출.docx,2022-09-28 오후 5:17:14
9.pdf,C:\Users\User\Downloads\9.pdf,2022-12-08 오후 2:12:02
::{A0D4CD32-5D5D-4F72-BAAA-767A7AD6BAC5},::{26EE0668-A00A-44D7-9371-BEB064C98683}\0\::{A0D4CD32-5D5D-4F72-BAAA-767A7AD6BAC5},
?TitleId=1811699532&ProcessId=22132&WindowId=1180654,ms-gamingoverlay://startuptips/?TitleId=1811699532&ProcessId=22132&WindowId=1180654,
?TitleId=1811699532&ProcessId=28960&WindowId=265844,ms-gamingoverlay://startuptips/?TitleId=1811699532&ProcessId=28960&WindowId=265844,
?TitleId=1811699532&ProcessId=28992&WindowId=4066396,ms-gamingoverlay://startuptips/?TitleId=1811699532&ProcessId=28992&WindowId=4066396,
[V 2.3]효과적인 안드로이드 악성코드 탐지를 위한 AI 성능 비교 연구_2022 정보보호학회 동계학술대회.hwp,C:\Users\User\Desktop\[V 2.3]효과적인 안드로이드 악성코드 탐지를 위한 AI 성능 비교 연구_2022 정보보호학회 동계학술대회.hwp,2022-10-30 오전 2:26:52
[별지 1] 내부통제 체크리스트(집합투자증권 내부통제담당자 업무 규정).hwp,C:\Users\User\Downloads\[별지 1] 내부통제 체크리스트(집합투자증권 내부통제담당자 업무 규정).hwp,2022-10-20 오후 5:55:44
[제어시스템보안] 10. 제어시스템 방화벽 규칙 (NIST 800-82).pdf,C:\Users\User\Desktop\순천향대학교\2022-2\제어시스템보안\[제어시스템보안] 10. 제어시스템 방화벽 규칙 (NIST 800-82).pdf,2022-12-01 오후 3:34:53
[제어시스템보안] 10. 제어시스템 방화벽 규칙 (NIST 800-82).pdf,C:\Users\User\Desktop\순천향대학교\2022-2\제어시스템보안\[제어시스템보안] 10. 제어시스템 방화벽 규칙 (NIST 800-82).pdf,2022-12-01 오후 3:34:53
[제어시스템보안] 4. 제어시스템 네트워크 (DNP).pdf,C:\Users\User\Desktop\순천향대학교\2022-2\제어시스템보안\[제어시스템보안] 4. 제어시스템 네트워크 (DNP).pdf,2022-10-14 오후 9:52:25
[제어시스템보안] 5. 제어시스템(차량) 네트워크 (CAN).pdf,C:\Users\User\Desktop\순천향대학교\2022-2\제어시스템보안\[제어시스템보안] 5. 제어시스템(차량) 네트워크 (CAN).pdf,2022-10-14 오후 9:52:25
[제어시스템보안] 6. 이상탐지 (Anomaly Detection).pdf,C:\Users\User\Desktop\순천향대학교\2022-2\제어시스템보안\[제어시스템보안] 6. 이상탐지 (Anomaly Detection).pdf,2022-10-14 오후 9:52:25
[제어시스템보안] 8. 제어시스템 보안 통제_nv.pdf,C:\Users\User\Desktop\순천향대학교\2022-2\제어시스템보안\[제어시스템보안] 8. 제어시스템 보안 통제_nv.pdf,2022-10-14 오후 9:52:25
[제어시스템보안] 9. 제어시스템 네트워크 보안 구조 (NIST 800-82).pdf,C:\Users\User\Desktop\순천향대학교\2022-2\제어시스템보안\[제어시스템보안] 9. 제어시스템 네트워크 보안 구조 (NIST 800-82).pdf,2022-10-14 오후 9:52:25
[제어시스템보안] 과제 설명.pdf,C:\Users\User\Desktop\[제어시스템보안] 과제 설명.pdf,2022-11-25 오후 7:59:21
[지원] SCH사이버보안연구센터 지원서_20223566_신민철.docx,C:\Users\User\Desktop\[지원] SCH사이버보안연구센터 지원서_20223566_신민철.docx,2022-12-14 오전 12:12:13
a.csv,C:\Users\User\Downloads\winprefetchview-x64\a.csv,2022-12-12 오후 9:27:55
AppCompatCache.csv,C:\Users\User\Desktop\tools\AppCompatCache.csv,2022-11-28 오후 5:58:22
arbid_ex.py,C:\Users\User\Desktop\순천향대학교\2022-2\제어시스템보안\족보\2021_Control_System\src\arbid_ex.py,2022-08-31 오전 10:58:22
arbid_use_count.py,C:\Users\User\Desktop\순천향대학교\2022-2\제어시스템보안\족보\2021_Control_System\src\arbid_use_count.py,2022-08-31 오전 10:58:22
ART0001_OpenSavePidlMRU.csv,C:\Users\User\Desktop\desktop-242f37a_2022.12.12_21.57.46\csv\ART0001_OpenSavePidlMRU.csv,2022-12-12 오후 9:57:54
ART0001_OpenSavePidlMRU.csv,C:\Users\User\Desktop\desktop-242f37a_2022.12.12_21.59.25\csv\ART0001_OpenSavePidlMRU.csv,2022-12-12 오후 9:59:37
ART0001_OpenSavePidlMRU.json,C:\Users\User\Desktop\Me\Code\PY\DF_CAT_Forensic_Tool\output\ART0001_OpenSavePidlMRU.json,2022-11-17 오후 9:12:10
ART0001_OpenSavePidlMRU.json,C:\Users\User\Desktop\desktop-242f37a_2022.12.13_12.39.18\json\ART0001_OpenSavePidlMRU.json,2022-12-13 오후 12:39:46
ART0001_OpenSavePidlMRU_Parser.py,C:\Users\User\Desktop\DF_CAT_Forensic_Tool\artifact_parser\ART0001_OpenSavePidlMRU_Parser.py,2022-12-12 오후 11:56:15
ART0003_E-mail_Attachments.csv,C:\Users\User\Desktop\desktop-242f37a_2022.12.13_00.49.52\csv\ART0003_E-mail_Attachments.csv,2022-12-13 오전 12:50:34
ART0003_E-mail_Attachments.csv,C:\Users\User\Desktop\desktop-242f37a_2022.12.13_01.09.10\csv\ART0003_E-mail_Attachments.csv,2022-12-13 오전 1:09:13
ART0003_E-mail_Attachments.csv,C:\Users\User\Desktop\desktop-242f37a_2022.12.13_00.35.01\csv\ART0003_E-mail_Attachments.csv,2022-12-13 오전 12:35:43
ART0003_E-mail_Attachments.csv,C:\Users\User\Desktop\desktop-242f37a_2022.12.13_00.44.32\csv\ART0003_E-mail_Attachments.csv,2022-12-13 오전 12:45:14
ART0003_E-mail_Attachments.csv,C:\Users\User\Desktop\desktop-242f37a_2022.12.13_01.02.25\csv\ART0003_E-mail_Attachments.csv,2022-12-13 오전 1:03:07
ART0003_E-mail_Attachments.json,C:\Users\User\Desktop\desktop-242f37a_2022.12.16_20.29.26\json\ART0003_E-mail_Attachments.json,2022-12-16 오후 8:30:03
ART0003_E-mail_Attachments.json,C:\Users\User\Desktop\desktop-242f37a_2022.12.13_00.35.01\json\ART0003_E-mail_Attachments.json,2022-12-13 오전 12:35:43
ART0003_E-mail_Attachments.json,C:\Users\User\Desktop\Me\Code\PY\DF_CAT_Forensic_Tool\output\ART0003_E-mail_Attachments.json,2022-12-07 오후 4:32:43
ART0003_E-mail_Attachments.json,C:\Users\User\Desktop\desktop-242f37a_2022.12.16_20.29.26\json\ART0003_E-mail_Attachments.json,2022-12-16 오후 8:30:03
ART0006_Shell_Bags.json,C:\Users\User\Desktop\Me\Code\PY\DF_CAT_Forensic_Tool\output\ART0006_Shell_Bags.json,2022-12-07 오후 4:32:44
ART0006_Shell_Bags.json,C:\Users\User\Downloads\ART0006_Shell_Bags.json,2022-12-11 오후 2:16:50
ART0007_Last_Visited_MRU.json,C:\Users\User\Downloads\ART0007_Last_Visited_MRU.json,2022-12-11 오후 2:17:00
ART0007_Last_Visited_MRU.json,C:\Users\User\Desktop\Me\Code\PY\DF_CAT_Forensic_Tool\output\ART0007_Last_Visited_MRU.json,2022-12-07 오후 4:32:53
ART0008_Jump_Lists.json,C:\Users\User\Desktop\Me\Code\PY\DF_CAT_Forensic_Tool\output\ART0008_Jump_Lists.json,2022-12-07 오후 4:32:53
ART0009_Prefetch.json,C:\Users\User\Desktop\Me\Code\PY\DF_CAT_Forensic_Tool\output\ART0009_Prefetch.json,2022-11-29 오후 10:50:21
ART0009_Prefetch.json,C:\Users\User\Downloads\ART0009_Prefetch.json,2022-12-11 오후 2:17:42
ART0010_ShimCache.json,C:\Users\User\Desktop\Me\Code\PY\DF_CAT_Forensic_Tool\output\ART0010_ShimCache.json,2022-11-29 오후 10:50:25
ART0022_Shortcut_LNK_Files.json,C:\Users\User\Desktop\Me\Code\PY\DF_CAT_Forensic_Tool\output\ART0022_Shortcut_LNK_Files.json,2022-11-29 오후 10:50:23
ART0022_Shortcut_LNK_Files.json,C:\Users\User\Downloads\ART0022_Shortcut_LNK_Files.json,2022-12-11 오후 2:17:56
ART0030_Web_History.csv,C:\Users\User\Desktop\desktop-242f37a_2022.12.13_00.35.01\csv\ART0030_Web_History.csv,2022-12-13 오전 12:37:03
ART0030_Web_History.json,C:\Users\User\Desktop\Me\Code\PY\DF_CAT_Forensic_Tool\output\ART0030_Web_History.json,2022-12-02 오전 1:59:36
ART0033_Recycle_Bin.csv,C:\Users\User\Desktop\desktop-242f37a_2022.12.13_00.49.52\csv\ART0033_Recycle_Bin.csv,2022-12-13 오전 12:51:43
ART0054_Network_Interfaces.csv,C:\Users\User\Desktop\desktop-242f37a_2022.12.13_01.02.25\csv\ART0054_Network_Interfaces.csv,2022-12-13 오전 1:04:33
ART0054_Network_Interfaces.json,C:\Users\User\Desktop\desktop-242f37a_2022.12.13_12.26.34\json\ART0054_Network_Interfaces.json,2022-12-13 오후 12:26:36
ART0060_Bookmarks.csv,C:\Users\User\Desktop\desktop-242f37a_2022.12.13_00.35.01\csv\ART0060_Bookmarks.csv,2022-12-13 오전 12:37:06
ART0060_Bookmarks.json,C:\Users\User\Desktop\desktop-242f37a_2022.12.13_00.35.01\json\ART0060_Bookmarks.json,2022-12-13 오전 12:37:06
ART0065_User_Accounts.csv,C:\Users\User\Desktop\desktop-242f37a_2022.12.13_00.35.01\csv\ART0065_User_Accounts.csv,2022-12-13 오전 12:37:07
Artifact_address.txt,C:\Users\User\Desktop\Artifact_address.txt,2022-11-28 오후 4:58:46
b.csv,C:\Users\User\Downloads\winprefetchview-x64\b.csv,2022-12-12 오후 9:29:55
CAN traffic (attack included).txt,C:\Users\User\Desktop\데이터\CAN traffic (attack included).txt,2021-11-23 오전 11:29:14
CAN traffic (attack included).txt,C:\Users\User\Desktop\순천향대학교\2022-2\제어시스템보안\족보\2021_Control_System\Data\CAN traffic (attack included).txt,2022-10-05 오후 5:51:37
CAN traffic (normal only).txt,C:\Users\User\Desktop\데이터\CAN traffic (normal only).txt,2021-11-23 오전 11:29:14
Certifications and 3rd Con - (Student).docx,C:\Users\User\Desktop\순천향대학교\2022-2\전공영어기초1\Certifications and 3rd Con - (Student).docx,2022-12-01 오후 3:34:52
Certifications and 3rd Con - (Student).docx,C:\Users\User\Desktop\순천향대학교\2022-2\전공영어기초1\Certifications and 3rd Con - (Student).docx,2022-12-01 오후 3:34:52
Collect_Result_1.json,C:\Users\User\Desktop\desktop-242f37a_2022.12.13_12.55.21\json\Collect_Result_1.json,2022-12-13 오후 12:55:28
Collect_Result_1.xlsx,C:\Users\User\Desktop\desktop-242f37a_2022.12.13_01.09.10\csv\Collect_Result_1.xlsx,2022-12-13 오전 1:09:14
Collect_Result_10.json,C:\Users\User\Desktop\Me\Code\PY\DF_CAT_Forensic_Tool\output\Collect_Result_10.json,2022-12-07 오후 4:35:26
Collect_Result_16.json,C:\Users\User\Desktop\desktop-242f37a_2022.12.13_00.35.01\json\Collect_Result_16.json,2022-12-13 오전 12:37:11
Collect_Result_16.xlsx,C:\Users\User\Desktop\desktop-242f37a_2022.12.13_00.35.01\csv\Collect_Result_16.xlsx,2022-12-13 오전 12:37:12
Collect_Result_16.xlsx,C:\Users\User\Desktop\desktop-242f37a_2022.12.13_00.49.52\csv\Collect_Result_16.xlsx,2022-12-13 오전 12:51:52
Collect_Result_17.json,C:\Users\User\Desktop\Me\Code\PY\DF_CAT_Forensic_Tool\output\Collect_Result_17.json,2022-11-30 오후 5:57:58
Collect_Result_17.json,C:\Users\User\Desktop\output\Collect_Result_17.json,2022-12-02 오전 2:15:50
Collect_Result_17.json,C:\Users\User\Desktop\desktop-242f37a_2022.12.13_12.39.18\json\Collect_Result_17.json,2022-12-13 오후 12:41:00
Collect_Result_17.json,C:\Users\User\Desktop\Me\Code\PY\DF_CAT_Forensic_Tool\output\desktop-242f37a_2022.12.13_10.22.13\json\Collect_Result_17.json,2022-12-13 오전 10:24:16
Collect_Result_17.xlsx,C:\Users\User\Desktop\Me\Code\PY\DF_CAT_Forensic_Tool\output\desktop-242f37a_2022.12.13_10.23.16\csv\Collect_Result_17.xlsx,2022-12-13 오전 10:25:51
Collect_Result_17.xlsx,C:\Users\User\Desktop\desktop-242f37a_2022.12.13_01.02.25\csv\Collect_Result_17.xlsx,2022-12-13 오전 1:04:42
Collect_Result_9.json,C:\Users\User\Downloads\Collect_Result_9.json,2022-12-11 오후 2:28:52
Cybersecurity Basics - Student Copy.docx,C:\Users\User\Desktop\순천향대학교\2022-2\전공영어기초1\Cybersecurity Basics - Student Copy.docx,2022-10-14 오후 9:52:24
d.json,C:\Users\User\Desktop\tools\browserdownloadsview-x64\d.json,2022-11-28 오후 6:33:17
d.json,C:\Users\User\Desktop\tools\webbrowserbookmarksview\d.json,2022-11-28 오후 8:55:58
d.txt,C:\Users\User\Downloads\shman-x64\d.txt,2022-11-28 오후 2:50:54
d.xml,C:\Users\User\Desktop\tools\userassistview\d.xml,2022-11-28 오후 8:16:57
d.xml,C:\Users\User\Desktop\tools\jumplistsview\d.xml,2022-11-28 오후 7:36:54
d.xml,C:\Users\User\Desktop\tools\outlookattachview-x64\d.xml,2022-11-28 오후 8:08:36
d.xml,C:\Users\User\Desktop\tools\userprofilesview\d.xml,2022-11-28 오후 8:25:59
d.xml,C:\Users\User\Desktop\tools\shellbagsview\d.xml,2022-11-28 오후 8:13:02
d.xml,C:\Users\User\Desktop\tools\networkinterfacesview-x64\d.xml,2022-11-28 오후 7:57:00
d.xml,C:\Users\User\Downloads\shman-x64\d.xml,2022-11-24 오후 7:49:15
d.xml,C:\Users\User\Desktop\tools\lastactivityview\d.xml,2022-11-28 오후 7:50:31
d.xml,C:\Users\User\Desktop\tools\browsinghistoryview-x64\d.xml,2022-11-28 오후 7:30:44
dark_Crawler.py,C:\Users\User\Desktop\Me\Code\PY\Dark_project\dark_Crawler.py,2022-05-03 오후 7:27:02
dark_Crawler.py,C:\Users\User\Desktop\Me\Code\PY\Dark_project\dark_Crawler.py,2022-05-03 오후 7:27:02
Defence - Student.docx,C:\Users\User\Desktop\순천향대학교\2022-2\전공영어기초1\Defence - Student.docx,2022-12-01 오후 3:34:52
Defence - Student.docx,C:\Users\User\Desktop\순천향대학교\2022-2\전공영어기초1\Defence - Student.docx,2022-12-01 오후 3:34:52
Desktop,C:\Users\User\Desktop,2022-06-09 오전 6:32:02
DF-ATT&CK_1차발표.pptx,C:\Users\User\Desktop\DF-ATT&CK_1차발표.pptx,2022-10-21 오후 2:23:42
DF-ATT&CK_1차발표_v1.1.pptx,C:\Users\User\Desktop\DF-ATT&CK_1차발표_v1.1.pptx,2022-10-21 오후 3:41:07
DF-ATT&CK_1차발표_v1.2.pptx,C:\Users\User\Desktop\DF-ATT&CK_1차발표_v1.2.pptx,2022-10-21 오후 5:19:29
df-cat-navigator.xlsx,C:\Users\User\Downloads\df-cat-navigator.xlsx,2022-12-11 오후 2:29:45
dis.py,C:\Users\User\AppData\Local\Programs\Python\Python310\Lib\dis.py,2021-10-07 오후 9:30:06
dis.py,C:\Users\User\AppData\Local\Programs\Python\Python310\Lib\dis.py,2021-10-07 오후 9:30:06
dis.py,C:\Users\User\AppData\Local\Programs\Python\Python310\Lib\dis.py,2021-10-07 오후 9:30:06
divide_timestamp.py,C:\Users\User\Desktop\순천향대학교\2022-2\제어시스템보안\족보\2021_Control_System\src\divide_timestamp.py,2022-08-31 오전 10:58:22
Documents,C:\Users\User\Documents,2022-06-08 오후 8:33:13
download.py,C:\Users\User\Desktop\Me\Code\PY\DF_CAT_Forensic_Tool\download.py,2022-12-13 오전 12:11:08
Downloads,C:\Users\User\Downloads,2022-06-10 오전 12:51:22
E0006_External_Device_USB_Usage.json,C:\Users\User\Downloads\E0006_External_Device_USB_Usage.json,2022-12-11 오후 2:18:03
E0006_External_Device_USB_Usage.json,C:\Users\User\Desktop\desktop-242f37a_2022.12.13_12.39.18\json\E0006_External_Device_USB_Usage.json,2022-12-13 오후 12:40:59
Email Scam - Student Copy.docx,C:\Users\User\Desktop\순천향대학교\2022-2\전공영어기초1\Email Scam - Student Copy.docx,2022-10-14 오후 9:52:24
example.py,C:\Users\User\Desktop\순천향대학교\2022-2\제어시스템보안\족보\2021_Control_System\src\example.py,2022-08-31 오전 10:58:22
Exploit Kits and Giving Advice - Student Copy.docx,C:\Users\User\Desktop\순천향대학교\2022-2\전공영어기초1\Exploit Kits and Giving Advice - Student Copy.docx,2022-12-01 오후 3:34:52
Exploit Kits and Giving Advice - Student Copy.docx,C:\Users\User\Desktop\순천향대학교\2022-2\전공영어기초1\Exploit Kits and Giving Advice - Student Copy.docx,2022-12-01 오후 3:34:52
favicon.ico,C:\Users\User\Desktop\Me\Code\PY\DF_CAT_Forensic_Tool\artifact_parser\favicon.ico,2022-12-13 오전 12:11:08
favicon.ico,C:\Users\User\Desktop\favicon.ico,2022-11-16 오전 1:59:02
file72.txt,C:\Users\User\Desktop\순천향대학교\2022-2\제어시스템보안\족보\2021_Control_System\Data\Range\72million\file72.txt,2022-10-05 오후 3:38:18
file80.txt,C:\Users\User\Desktop\순천향대학교\2022-2\제어시스템보안\족보\2021_Control_System\Data\Range\80million\file80.txt,2022-10-05 오후 3:49:10
fix_47F.txt,C:\Users\User\Desktop\순천향대학교\2022-2\제어시스템보안\족보\2021_Control_System\Data\attack_arbid\fix_47F.txt,2022-10-05 오후 1:56:42
fix_50A.txt,C:\Users\User\Desktop\순천향대학교\2022-2\제어시스템보안\족보\2021_Control_System\Data\attack_arbid\fix_50A.txt,2022-08-30 오전 9:56:49
Grammar Review.docx,C:\Users\User\Desktop\순천향대학교\2022-2\전공영어기초1\Grammar Review.docx,2022-12-01 오후 3:34:52
Grammar Review.docx,C:\Users\User\Desktop\순천향대학교\2022-2\전공영어기초1\Grammar Review.docx,2022-10-14 오후 9:52:24
gui_main.py,C:\Users\User\Desktop\Me\Code\PY\DF_CAT_Forensic_Tool\gui_main.py,2022-12-13 오전 10:30:08
Hack the Box - Student Copy.docx,C:\Users\User\Desktop\순천향대학교\2022-2\전공영어기초1\Hack the Box - Student Copy.docx,2022-10-14 오후 9:52:24
img7.jpg,C:\Users\User\Downloads\img7.jpg,2022-11-17 오후 8:31:51
Info Sec Jobs and Resumes - Student Copy.docx,C:\Users\User\Desktop\순천향대학교\2022-2\전공영어기초1\Info Sec Jobs and Resumes - Student Copy.docx,2022-12-01 오후 3:34:52
Info Sec Jobs and Resumes - Student Copy.docx,C:\Users\User\Desktop\순천향대학교\2022-2\전공영어기초1\Info Sec Jobs and Resumes - Student Copy.docx,2022-12-01 오후 3:34:52
join_김찬인.docx,C:\Users\User\Desktop\join_김찬인.docx,2022-12-14 오전 12:12:17
json_merge_files.py,C:\Users\User\Desktop\Me\Code\PY\DF_CAT_Forensic_Tool\json_merge_files.py,2022-12-13 오후 12:41:48
json_merge_files.py,C:\Users\User\Desktop\json_merge_files.py,2022-12-13 오후 12:51:40
judicial_crawler.py,C:\Users\User\Desktop\Me\Code\PY\Case_Crawler\judicial_crawler.py,2022-11-17 오후 8:07:24
judicial_crawler.py,C:\Users\User\Desktop\Me\Code\PY\Case_Crawler\judicial_crawler.py,2022-11-17 오후 8:07:24
KakaoTalk_20221019_161502049.mp4,C:\Users\User\Desktop\KakaoTalk_20221019_161502049.mp4,2022-10-19 오후 4:15:30
KakaoTalk_20221020_172953346.png,C:\Users\User\Desktop\KakaoTalk_20221020_172953346.png,2022-10-20 오후 5:46:24
KakaoTalk_20221024_183602442.png,C:\Users\User\Desktop\KakaoTalk_20221024_183602442.png,2022-10-24 오후 7:29:33
KCI_FI002625431.pdf,C:\Users\User\Desktop\KCI_FI002625431.pdf,2022-10-19 오후 4:25:23
keypair_df-cat.pem,C:\Users\User\Desktop\keypair_df-cat.pem,2022-11-14 오후 8:29:30
main.py,C:\Users\User\Desktop\Me\Code\PY\DF_CAT_Forensic_Tool\main.py,2022-12-13 오전 10:07:14
main.py,C:\Users\User\Desktop\Case_Crawler\main.py,2022-11-14 오후 10:45:45
microsoft-edge:?launchContext1=Microsoft.Windows.Cortana_cw5n1h2txyewy&url=https%3A%2F%2Fwww.bing.com%2Fsearch%3Fq%3D%25ec%25bb%25b4%25ed%2593%25a8%25ed%2584%25b0%25ea%25b4%2580%25eb%25a6%25ac%26form%3DWNSGPH%26qs%3DLT%26cvid%3D32f8dc0696e542dfb045757d6a0f3c9,microsoft-edge:?launchContext1=Microsoft.Windows.Cortana_cw5n1h2txyewy&url=https%3A%2F%2Fwww.bing.com%2Fsearch%3Fq%3D%25ec%25bb%25b4%25ed%2593%25a8%25ed%2584%25b0%25ea%25b4%2580%25eb%25a6%25ac%26form%3DWNSGPH%26qs%3DLT%26cvid%3D32f8dc0696e542dfb045757d6a0f3c9,
microsoft-edge:?source=windowsfeeds&timestamp=1670254113997&url=https%3A%2F%2Fwww.msn.com%2Fko-kr%2Fsports%2Fnews%2F%ED%98%B8%EB%82%A0%EB%91%90-%EB%8C%80%ED%91%9C-%EA%B7%B8%EB%A7%8C%EB%91%AC-%EC%84%B1%EB%82%9C-%ED%8F%AC%EB%A5%B4%ED%88%AC%EA%B0%88-%ED%8C%AC%EB,microsoft-edge:?source=windowsfeeds&timestamp=1670254113997&url=https%3A%2F%2Fwww.msn.com%2Fko-kr%2Fsports%2Fnews%2F%ED%98%B8%EB%82%A0%EB%91%90-%EB%8C%80%ED%91%9C-%EA%B7%B8%EB%A7%8C%EB%91%AC-%EC%84%B1%EB%82%9C-%ED%8F%AC%EB%A5%B4%ED%88%AC%EA%B0%88-%ED%8C%AC%EB,
microsoft-edge:?url=https%3A%2F%2Fwww.bing.com%2Fsearch%3Fq%3D%25ec%25b8%25b5%26form%3DWNSGPH%26qs%3DLT%26cvid%3D8c11c2a967e24bc2adaa1ec0c9201df6%26pq%3D%25EC%25B8%25B5%26cc%3DKR%26setlang%3Dko-KR%26nclid%3DF24474C5562527322D1624B942A9BC3E%26ts%3D166842944664,microsoft-edge:?url=https%3A%2F%2Fwww.bing.com%2Fsearch%3Fq%3D%25ec%25b8%25b5%26form%3DWNSGPH%26qs%3DLT%26cvid%3D8c11c2a967e24bc2adaa1ec0c9201df6%26pq%3D%25EC%25B8%25B5%26cc%3DKR%26setlang%3Dko-KR%26nclid%3DF24474C5562527322D1624B942A9BC3E%26ts%3D166842944664,
ms-settings:connecteddevices,ms-settings:connecteddevices,
ms-settings:sound,ms-settings:sound,
ms-settings:windowsupdate,ms-settings:windowsupdate,
New Technologies (Student Copy).docx,C:\Users\User\Desktop\순천향대학교\2022-2\전공영어기초1\New Technologies (Student Copy).docx,2022-12-01 오후 3:34:52
New Technologies (Student Copy).docx,C:\Users\User\Desktop\순천향대학교\2022-2\전공영어기초1\New Technologies (Student Copy).docx,2022-12-01 오후 3:34:52
news_crawler.py,C:\Users\User\Desktop\Case_Crawler\news_crawler.py,2022-11-14 오후 10:45:45
OpenSavePidlMRU.json,C:\Users\User\Desktop\Me\Code\PY\DF_CAT_Forensic_Tool\output\OpenSavePidlMRU.json,2022-11-16 오전 2:26:24
p5.jpg,C:\Users\User\Desktop\순천향대학교\2022-2\제어시스템보안\족보\제어시스템_중간고사_정리본\요약본\p5.jpg,2022-10-10 오후 2:33:19
Pictures,C:\Users\User\Pictures,2021-10-13 오후 1:52:58
Project Management - Student.docx,C:\Users\User\Desktop\순천향대학교\2022-2\전공영어기초1\Project Management - Student.docx,2022-10-14 오후 9:52:24
pyuac.stderr.tmp.txt,C:\Users\User\Desktop\Me\Code\PY\DF_CAT_Forensic_Tool\output\pyuac.stderr.tmp.txt,2022-11-16 오전 3:24:19
pyuac.stdout.tmp.txt,C:\Users\User\Desktop\Me\Code\PY\DF_CAT_Forensic_Tool\output\pyuac.stdout.tmp.txt,2022-11-16 오전 3:24:19
Quantum Computing - Student Copy.docx,C:\Users\User\Desktop\순천향대학교\2022-2\전공영어기초1\Quantum Computing - Student Copy.docx,2022-10-14 오후 9:52:24
Range.py,C:\Users\User\Desktop\순천향대학교\2022-2\제어시스템보안\족보\2021_Control_System\src\Range.py,2022-08-31 오전 10:58:22
Recent Ransomware Handout - Student Copy.docx,C:\Users\User\Desktop\순천향대학교\2022-2\전공영어기초1\Recent Ransomware Handout - Student Copy.docx,2022-10-14 오후 9:52:24
Recycle_Bin.csv,C:\Users\User\Desktop\tools\Recycle_Bin.csv,2022-11-28 오후 6:03:21
result.txt,C:\Users\User\Desktop\순천향대학교\2022-2\제어시스템보안\족보\2021_Control_System\Data\timestamp\result.txt,2022-10-05 오후 3:53:27
result_DFAS_Export_20221210152929.xlsx,C:\Users\User\Desktop\result_DFAS_Export_20221210152929.xlsx,2022-12-11 오후 8:14:57
result_DFAS_Export_20221210152929.xlsx,C:\Users\User\Desktop\result_DFAS_Export_20221210152929.xlsx,2022-12-15 오후 9:30:25
SANS_DFIR_FOR500_WINDOWS_FORENSICS_POSTER_v4.13.pdf,C:\Users\User\Desktop\SANS_DFIR_FOR500_WINDOWS_FORENSICS_POSTER_v4.13.pdf,2022-11-28 오후 3:02:51
SCH사이버보안연구센터 면접 공통질문지 .hwp,C:\Users\User\Desktop\SCH사이버보안연구센터 면접 공통질문지 .hwp,2022-12-14 오전 12:11:56
search?q=%ED%81%AC%EB%A0%98+%EB%B8%8C%EB%A5%84%EB%A0%88&filters=sid:%22e75e1ca2-94e3-4c51-9977-759bc1e7c736%22+lite:%22.S2NkUmVsYXRpb25eNmZjYmYxZjQtOTcyOC1kMzllLTA2NWUtOWY5OGU0MjFlZTA1Xl5eXiRFbnRpdHkyX2tv%22&crslsl=0&efirst,microsoft-edge:https://www.bing.com/search?q=%ED%81%AC%EB%A0%98+%EB%B8%8C%EB%A5%84%EB%A0%88&filters=sid:%22e75e1ca2-94e3-4c51-9977-759bc1e7c736%22+lite:%22.S2NkUmVsYXRpb25eNmZjYmYxZjQtOTcyOC1kMzllLTA2NWUtOWY5OGU0MjFlZTA1Xl5eXiRFbnRpdHkyX2tv%22&crslsl=0&efirst,
Shimcache.csv,C:\Users\User\Desktop\tools\Shimcache.csv,2022-11-29 오후 5:30:37
t.txt,C:\Temp\t.txt,2022-05-21 오후 2:01:25
time_attack_included.txt,C:\Users\User\Desktop\데이터\time_attack_included.txt,2022-11-25 오후 9:45:03
total.txt,C:\Users\User\Desktop\순천향대학교\2022-2\제어시스템보안\족보\2021_Control_System\Data\timestamp\total.txt,2022-10-05 오후 3:53:21
Untitled.png,C:\Users\User\Desktop\Untitled.png,2022-09-29 오전 2:09:48
v.0.3 DF-ATT&CK 최종 평가.pptx,C:\Users\User\Desktop\v.0.3 DF-ATT&CK 최종 평가.pptx,2022-12-15 오후 8:29:01
v.0.7 DF-ATT&CK 최종 평가.pptx,C:\Users\User\Desktop\v.0.7 DF-ATT&CK 최종 평가.pptx,2022-12-16 오후 8:00:40
v.0.7 DF-ATT&CK 최종 평가.pptx,C:\Users\User\Desktop\v.0.7 DF-ATT&CK 최종 평가.pptx,2022-12-16 오후 8:00:40
v.1.2 DF-ATT&CK 2차 평가.pdf,C:\Users\User\Desktop\v.1.2 DF-ATT&CK 2차 평가.pdf,2022-11-16 오전 1:58:50
v.1.2 DF-ATT&CK 2차 평가.pdf,C:\Users\User\Desktop\v.1.2 DF-ATT&CK 2차 평가.pdf,2022-11-16 오전 1:58:50
v1.1 1차평가 발표자료.pdf,C:\Users\User\Desktop\v1.1 1차평가 발표자료.pdf,2022-10-20 오후 9:26:37
v1.1캡스톤디자인_염흥열교수님_5조_14주차 - 복사본.pptx,C:\Users\User\Desktop\순천향대학교\2022-1\산학캡스톤디자인1\v1.1캡스톤디자인_염흥열교수님_5조_14주차 - 복사본.pptx,2022-06-02 오전 7:44:50
v1.1캡스톤디자인_염흥열교수님_5조_14주차 - 복사본.pptx,C:\Users\User\Desktop\순천향대학교\2022-1\산학캡스톤디자인1\v1.1캡스톤디자인_염흥열교수님_5조_14주차 - 복사본.pptx,2022-06-02 오전 7:44:50
v2_학회발표_디지털포렌식-아티팩트-기반_보안-점검-프레임워크-개발.pdf,C:\Users\User\Desktop\v2_학회발표_디지털포렌식-아티팩트-기반_보안-점검-프레임워크-개발.pdf,2022-11-17 오후 12:58:33
금융회사 AML CFT 위험기반접근법(RBA) 처리 기준(금융투자업).hwp,C:\Users\User\Desktop\금융회사 AML CFT 위험기반접근법(RBA) 처리 기준(금융투자업).hwp,2022-11-05 오후 11:20:07
기말_문제_페이지(답).pdf,C:\Users\User\Desktop\순천향대학교\2022-2\제어시스템보안\족보\기말_문제_페이지(답).pdf,2022-10-05 오후 5:02:18
기말_문제_페이지.pdf,C:\Users\User\Desktop\순천향대학교\2022-2\제어시스템보안\족보\기말_문제_페이지.pdf,2022-10-05 오후 5:02:16
논문 작성 예제.pdf,C:\Users\User\Desktop\순천향대학교\2022-2\악성코드분석\악성코드분석\논문 작성 예제.pdf,2022-12-01 오후 3:34:37
논문 작성 예제.pdf,C:\Users\User\Desktop\순천향대학교\2022-2\악성코드분석\악성코드분석\논문 작성 예제.pdf,2022-12-01 오후 3:34:37
사이버공격을 통한 산업기술 유출 현황과 전망.pdf,C:\Users\User\Desktop\사이버공격을 통한 산업기술 유출 현황과 전망.pdf,2022-10-19 오후 4:25:33
선호도 기반 마이데이터 서비스 모델 제시 및 보안 위협 분석.pdf,C:\Users\User\Desktop\순천향대학교\2022-1\산학캡스톤디자인1\선호도 기반 마이데이터 서비스 모델 제시 및 보안 위협 분석.pdf,2022-06-08 오후 1:25:07
선호도 기반 마이데이터 서비스 모델 제시 및 보안 위협 분석.pdf,C:\Users\User\Desktop\순천향대학교\2022-1\산학캡스톤디자인1\선호도 기반 마이데이터 서비스 모델 제시 및 보안 위협 분석.pdf,2022-06-08 오후 1:25:07
선호도 기반 마이데이터 서비스 모델 제시 및 보안 위협 분석.pdf,C:\Users\User\Desktop\선호도 기반 마이데이터 서비스 모델 제시 및 보안 위협 분석.pdf,2022-10-29 오후 5:39:09
악성코드분석_10.pdf,C:\Users\User\Desktop\순천향대학교\2022-2\악성코드분석\악성코드분석_10.pdf,2022-12-01 오후 3:34:38
악성코드분석_10.pdf,C:\Users\User\Desktop\순천향대학교\2022-2\악성코드분석\악성코드분석_10.pdf,2022-12-01 오후 3:34:38
악성코드분석_11.pdf,C:\Users\User\Desktop\순천향대학교\2022-2\악성코드분석\악성코드분석_11.pdf,2022-12-01 오후 3:34:40
악성코드분석_11.pdf,C:\Users\User\Desktop\순천향대학교\2022-2\악성코드분석\악성코드분석_11.pdf,2022-12-01 오후 3:34:40
악성코드분석_2-1.pdf,C:\Users\User\Desktop\순천향대학교\2022-2\악성코드분석\악성코드분석_2-1.pdf,2022-10-14 오후 9:52:23
악성코드분석_2-2.pdf,C:\Users\User\Desktop\순천향대학교\2022-2\악성코드분석\악성코드분석_2-2.pdf,2022-10-14 오후 9:52:23
악성코드분석_3.pdf,C:\Users\User\Desktop\순천향대학교\2022-2\악성코드분석\악성코드분석_3.pdf,2022-10-14 오후 9:52:24
악성코드분석_4.pdf,C:\Users\User\Desktop\순천향대학교\2022-2\악성코드분석\악성코드분석_4.pdf,2022-10-14 오후 9:52:24
악성코드분석_5.pdf,C:\Users\User\Desktop\순천향대학교\2022-2\악성코드분석\악성코드분석_5.pdf,2022-12-01 오후 3:34:43
악성코드분석_5.pdf,C:\Users\User\Desktop\순천향대학교\2022-2\악성코드분석\악성코드분석_5.pdf,2022-10-14 오후 9:52:24
악성코드분석_6.pdf,C:\Users\User\Desktop\순천향대학교\2022-2\악성코드분석\악성코드분석_6.pdf,2022-12-01 오후 3:34:44
악성코드분석_6.pdf,C:\Users\User\Desktop\순천향대학교\2022-2\악성코드분석\악성코드분석_6.pdf,2022-10-14 오후 9:52:24
악성코드분석_7.pptx,C:\Users\User\Desktop\순천향대학교\2022-2\악성코드분석\악성코드분석_7.pptx,2022-12-01 오후 3:34:51
악성코드분석_7.pptx,C:\Users\User\Desktop\순천향대학교\2022-2\악성코드분석\악성코드분석_7.pptx,2022-12-01 오후 3:34:51
악성코드분석_9.pdf,C:\Users\User\Desktop\순천향대학교\2022-2\악성코드분석\악성코드분석_9.pdf,2022-12-01 오후 3:34:52
악성코드분석_9.pdf,C:\Users\User\Desktop\순천향대학교\2022-2\악성코드분석\악성코드분석_9.pdf,2022-12-01 오후 3:34:52
악성코드분석_중간고사.docx,C:\Users\User\Desktop\순천향대학교\2022-2\악성코드분석\악성코드분석\악성코드분석_중간고사.docx,2022-10-14 오후 9:52:23
악성코드분석_중간고사.pdf,C:\Users\User\Desktop\순천향대학교\2022-2\악성코드분석\악성코드분석\악성코드분석_중간고사.pdf,2022-10-14 오후 9:52:23
악코분기말.pdf,C:\Users\User\Desktop\순천향대학교\2022-2\악성코드분석\악성코드분석\악코분기말.pdf,2022-10-14 오후 9:52:23
악코분기말.pdf,C:\Users\User\Desktop\순천향대학교\2022-2\악성코드분석\악성코드분석\악코분기말.pdf,2022-12-01 오후 3:34:37
요즘잘자쿨냥이_2022 SCH AI·SW Festival_포스터양식_정보보호학과.pptx,C:\Users\User\Desktop\요즘잘자쿨냥이_2022 SCH AI·SW Festival_포스터양식_정보보호학과.pptx,2022-10-31 오전 12:01:54
이익규-국문-재학증명서-202210041002.pdf,C:\Users\User\Downloads\이익규-국문-재학증명서-202210041002.pdf,2022-10-18 오후 12:14:05
이익규-국문-재학증명서-202210261131.pdf,C:\Users\User\Downloads\이익규-국문-재학증명서-202210261131.pdf,2022-10-26 오전 11:31:20
이익규-국문-재학증명서-202210261131.pdf,C:\Users\User\Downloads\이익규-국문-재학증명서-202210261131.pdf,2022-10-26 오전 11:31:20
이익규-국문-재학증명서-202210261131.pdf,C:\Users\User\Downloads\이익규-국문-재학증명서-202210261131.pdf,2022-10-26 오전 11:31:20
이익규_산출물.docx,C:\Users\User\Desktop\이익규_산출물.docx,2022-12-13 오전 11:07:20
이익규_질문지.docx,C:\Users\User\Desktop\이익규_질문지.docx,2022-12-14 오전 12:24:17
정보보호학회 동계 학술대회 발표 자료.pptx,C:\Users\User\Desktop\정보보호학회 동계 학술대회 발표 자료.pptx,2022-11-24 오후 7:26:03
제목_없음.pdf,C:\Users\User\Desktop\제목_없음.pdf,2022-12-07 오전 12:43:47
제어시스템.중간고사요약본.pdf,C:\Users\User\Desktop\순천향대학교\2022-2\제어시스템보안\족보\제어시스템_중간고사_정리본\요약본\제어시스템.중간고사요약본.pdf,2022-10-12 오후 1:34:17
제어시스템_세부보고서1(20184589_김소연).pdf,C:\Users\User\Desktop\순천향대학교\2022-2\제어시스템보안\족보\2021_Control_System\제어시스템_세부보고서1(20184589_김소연).pdf,2022-10-05 오후 5:01:47
제어시스템_세부보고서2(20184589_김소연).pdf,C:\Users\User\Desktop\순천향대학교\2022-2\제어시스템보안\족보\2021_Control_System\제어시스템_세부보고서2(20184589_김소연).pdf,2022-10-05 오후 5:01:47
제어시스템_세부보고서3(20184589_김소연).pdf,C:\Users\User\Desktop\순천향대학교\2022-2\제어시스템보안\족보\2021_Control_System\제어시스템_세부보고서3(20184589_김소연).pdf,2022-10-05 오후 5:01:46
제어시스템_종합보고서(20184589_김소연).pdf,C:\Users\User\Desktop\순천향대학교\2022-2\제어시스템보안\족보\2021_Control_System\제어시스템_종합보고서(20184589_김소연).pdf,2022-10-05 오후 5:01:45
제어시스템보안 보고서 1.hwp,C:\Users\User\Desktop\제어시스템보안 보고서 1.hwp,2022-11-25 오후 8:58:11
중소기업 기술유출사례 및 대응방안연구.pdf.pdf,C:\Users\User\Desktop\중소기업 기술유출사례 및 대응방안연구.pdf.pdf,2022-10-19 오후 4:25:31
중소기업_기술보호_수준_실태조사_보고서.pdf,C:\Users\User\Desktop\중소기업_기술보호_수준_실태조사_보고서.pdf,2022-10-20 오후 9:34:50
중소기업기술보호가이드.pdf,C:\Users\User\Desktop\중소기업기술보호가이드.pdf,2022-10-20 오후 9:35:18
중소기업기술보호지침.pdf,C:\Users\User\Desktop\중소기업기술보호지침.pdf,2022-10-20 오후 9:36:01
출처.txt,C:\Users\User\Desktop\출처.txt,2022-10-25 오후 7:22:05
캡스톤 그림.pptx,C:\Users\User\Desktop\캡스톤 그림.pptx,2022-10-30 오후 4:13:09
캡스톤2.pptx,C:\Users\User\Desktop\캡스톤2.pptx,2022-09-28 오후 10:53:48
킥오프 발표자료.pdf,C:\Users\User\Desktop\킥오프 발표자료.pdf,2022-09-30 오후 8:02:42
킥오프발표자료_v4.0.pdf,C:\Users\User\Desktop\킥오프발표자료_v4.0.pdf,2022-09-24 오후 2:12:09
테스트파일명.xlsx,C:\Users\User\Desktop\asd\테스트파일명.xlsx,2022-12-12 오후 11:19:49
피부와 생활건강 20-2학기 쪽지시험&중간&기말.pdf,"C:\Users\User\Desktop\순천향대학교\2022-2\피부와생활과건강\피부와 생활건강 21-1학기 & 20-2학기 중간,기말\피부와 생활건강 20-2학기 쪽지시험&중간&기말.pdf",2022-10-05 오후 5:07:16
피부와 생활건강 21년 1학기 중간족보.pdf,"C:\Users\User\Desktop\순천향대학교\2022-2\피부와생활과건강\피부와 생활건강 21-1학기 & 20-2학기 중간,기말\피부와 생활건강 21년 1학기 중간족보.pdf",2022-10-05 오후 5:07:14
