path,modified_time
00000009	007808a4105e0000	000a00007fff0000	8664	MicrosoftWindows.Client.CBS	cw5n1h2txyewy	,
0000000b	000a00004a610907	000c000000000000	8664	Microsoft.Windows.SecureAssessmentBrowser	cw5n1h2txyewy	neutral,
C:\Windows\TEMP\2EA5C5B3-B4A1-47E0-B092-7A4F2C0B8070\dismhost.exe,2021-01-16 01:50:29
C:\Windows\System32\smartscreen.exe,2022-11-10 12:39:03
C:\Users\User\AppData\Local\Temp\277AAF0A-F132-4669-96D2-B21D51155324\dismhost.exe,2021-01-16 01:50:29
C:\Program Files\WindowsApps\Microsoft.WindowsAlarms_11.2210.7.0_x64__8wekyb3d8bbwe\Application,2022-12-16 09:23:07
00000009	000b08a1000b0000	000a000055f00000	8664	Microsoft.WindowsAlarms	8wekyb3d8bbwe	,
00000009	000b08a200070000	000a000055f00000	8664	Microsoft.WindowsAlarms	8wekyb3d8bbwe	,
00000009	07e675944a3c0000	000a00004a650000	8664	Microsoft.Windows.Photos	8wekyb3d8bbwe	,
C:\Program Files\WindowsApps\Microsoft.Windows.Photos_2022.30100.19004.0_x64__8wekyb3d8bbwe\Application,2022-11-24 06:48:46
C:\ProgramData\Lenovo\Vantage\Addins\IdeaKBDManagerAddin\1.0.2.20\WriteRegConsoleApp.exe,2022-10-31 14:21:36
C:\Windows\system32\devicecensus.exe,2022-03-09 10:13:17
C:\Program Files (x86)\Google\Update\Install\{A1A7FB3D-7F28-4072-899E-FEA6EA4F594A}\CR_3A8DD.tmp\setup.exe,2022-12-16 09:11:43
C:\Program Files (x86)\Google\Update\Install\{A1A7FB3D-7F28-4072-899E-FEA6EA4F594A}\108.0.5359.125_108.0.5359.124_chrome_updater.exe,2022-12-16 09:11:41
C:\Program Files\Google\Chrome\Application\108.0.5359.124\elevation_service.exe,2022-12-12 21:47:24
C:\Program Files\Google\Chrome\Application\108.0.5359.124\Installer\setup.exe,2022-12-15 09:28:28
00000009	0001564c00d60000	000a00004a650000	8664	Microsoft.YourPhone	8wekyb3d8bbwe	,
C:\Windows\SystemApps\Microsoft.AAD.BrokerPlugin_cw5n1h2txyewy\Application,2022-11-10 16:00:44
C:\Program Files\WindowsApps\Microsoft.YourPhone_1.22092.214.0_x64__8wekyb3d8bbwe\Application,2022-11-24 07:08:01
00000009	0001564c00d60000	000a000055f00000	8664	Microsoft.YourPhone	8wekyb3d8bbwe	,
C:\Windows\SystemApps\Microsoft.Windows.ContentDeliveryManager_cw5n1h2txyewy\Application,2022-08-30 16:10:53
C:\Windows\SystemApps\Microsoft.LockApp_cw5n1h2txyewy\Application,2022-11-10 16:00:44
C:\Windows\System32\cmd.exe,2021-01-16 01:50:08
C:\Windows\system32\consent.exe,2022-08-30 15:54:03
C:\Program Files\DB Browser for SQLite\DB Browser for SQLite.exe,2021-05-02 08:13:26
C:\Users\User\Desktop\Tool\DCode.exe,2022-03-05 18:07:59
C:\Program Files (x86)\Event Log Explorer\elex.exe,2022-03-04 03:12:08
C:\Users\User\Desktop\Tool\PEview.exe,2021-11-13 15:00:18
C:\Program Files\AccessData\FTK Imager\FTK Imager.exe,2020-08-19 05:15:54
C:\Users\User\Desktop\Tool\AccessData_FTK_Imager_4.5.0_(x64).exe,2022-03-05 12:19:01
C:\Program Files\010 Editor\010Editor.exe,2021-10-07 05:22:58
C:\Users\User\Desktop\Tool\010EditorWin64Installer12.0.1.exe,2022-03-06 11:20:22
0000000b	000a00004a61079d	000a00004a61079d	8664	Microsoft.Windows.ShellExperienceHost	cw5n1h2txyewy	neutral,
C:\Windows\system32\WFS.exe,2022-08-30 15:54:46
C:\Windows\System32\fsquirt.exe,2019-12-07 09:08:46
C:\Users\User\Desktop\KAPE\kape.exe,2022-03-10 15:38:38
C:\Users\User\Desktop\KAPE\gkape.exe,2022-03-10 15:10:03
0000000b	0001000e00074a61	000a00004a610000	8664	Microsoft.Windows.Search	cw5n1h2txyewy	neutral,
C:\Program Files\Bandizip\data\RegPackage.x86.exe,2022-11-17 08:46:00
C:\Program Files\Microsoft Office\Root\Office16\EXCEL.EXE,2022-12-13 01:10:04
00000009	07e675944a3c0000	000a000055f00000	8664	Microsoft.Windows.Photos	8wekyb3d8bbwe	,
C:\Program Files\Microsoft Office\Root\Office16\POWERPNT.EXE,2022-12-13 01:10:13
C:\Windows\system32\SearchFilterHost.exe,2022-11-10 12:39:59
C:\Windows\system32\SearchProtocolHost.exe,2022-11-10 12:39:59
C:\Windows\system32\wermgr.exe,2022-12-15 10:30:08
C:\Windows\System32\RuntimeBroker.exe,2021-01-16 01:49:58
C:\Windows\winsxs\amd64_microsoft-windows-servicingstack_31bf3856ad364e35_10.0.19041.2300_none_7e14edbc7c88b7d5\TiWorker.exe,2022-10-11 04:20:30
C:\Windows\system32\MusNotifyIcon.exe,2022-11-10 12:40:02
C:\Windows\system32\wbem\WmiApSrv.exe,2021-11-10 14:02:06
00000009	3e8537f652f60000	000a00004a650000	8664	microsoft.windowscommunicationsapps	8wekyb3d8bbwe	,
C:\Program Files\WindowsApps\microsoft.windowscommunicationsapps_16005.14326.21238.0_x64__8wekyb3d8bbwe\Application,2022-12-15 10:17:15
00000009	3e8537f652f60000	000a00004c610000	8664	microsoft.windowscommunicationsapps	8wekyb3d8bbwe	,
C:\Windows\system32\MRT.exe,2022-12-15 10:16:49
C:\Windows\SoftwareDistribution\Download\Install\Windows-KB890830-x64-V5.108.exe,2022-12-15 09:29:28
C:\Windows\system32\wuauclt.exe,2022-11-10 12:40:02
C:\Users\User\AppData\Local\Temp\3BCBBB23-79CD-466E-A885-B701FD9F7BB3\dismhost.exe,2021-01-16 01:50:29
C:\Windows\Microsoft.NET\Framework\v4.0.30319\ngen.exe,2020-12-02 22:45:24
C:\Windows\Microsoft.NET\Framework64\v4.0.30319\ngen.exe,2020-12-02 22:38:14
C:\ProgramData\Microsoft\Windows Defender\Platform\4.18.2201.10-0\MpCmdRun.exe,2022-02-14 16:32:10
C:\Windows\system32\tzsync.exe,2019-12-07 09:09:00
C:\Windows\system32\defrag.exe,2021-01-16 01:50:55
0000000b	03e84a6103ff0000	03e84a6103ff0000	8664	NcsiUwpApp	8wekyb3d8bbwe	neutral,
C:\Windows\system32\makecab.exe,2019-12-07 09:08:46
C:\Program Files\WindowsApps\microsoft.windowscommunicationsapps_16005.14326.20970.0_x64__8wekyb3d8bbwe\Application,2022-05-20 11:55:42
C:\$WinREAgent\Scratch\446EC74F-2869-4080-9997-F475F857DAF2\dismhost.exe,2021-01-16 01:50:29
C:\Program Files (x86)\Google\Update\Install\{918F4BA9-FDF3-4D95-9EC0-5C05646D1254}\CR_62FA6.tmp\setup.exe,2022-12-15 09:28:28
C:\Program Files (x86)\Google\Update\Install\{918F4BA9-FDF3-4D95-9EC0-5C05646D1254}\108.0.5359.124_108.0.5359.99_chrome_updater.exe,2022-12-15 09:28:27
C:\Program Files\AhnLab\V3Lite40\MUpdate2\Update\patch\04\mautoup.exe,2022-10-13 08:52:00
00000009	3e8537f651ea0000	000a00004c610000	8664	microsoft.windowscommunicationsapps	8wekyb3d8bbwe	,
C:\Windows\system32\icacls.exe,2019-12-07 09:09:33
C:\Windows\system32\schtasks.exe,2022-02-09 12:10:47
C:\Program Files\Common Files\Microsoft Shared\ClickToRun\officesvcmgr.exe,2022-12-13 01:07:25
C:\Windows\system32\compattelrunner.exe,2021-09-16 23:43:53
00000009	000503362c110000	000a000055f00000	8664	Microsoft.XboxGamingOverlay	8wekyb3d8bbwe	,
C:\Windows\system32\ProvTool.exe,2022-08-30 15:53:36
C:\Windows\SysWOW64\sc.exe,2019-12-07 09:09:57
C:\Windows\sysWOW64\wbem\wmiprvse.exe,2020-10-16 04:36:50
C:\Program Files\Microsoft Office\root\vfs\ProgramFilesCommonX64\Microsoft Shared\OFFICE16\ai.exe,2022-11-06 01:40:42
00000009	56c20579000b0000	000a00004a650000	8664	Microsoft.WindowsStore	8wekyb3d8bbwe	,
C:\Program Files\WindowsApps\Microsoft.WindowsStore_22210.1401.11.0_x64__8wekyb3d8bbwe\Application,2022-12-13 15:12:42
00000009	000b08a200000000	000a000055f00000	8664	Microsoft.WindowsCalculator	8wekyb3d8bbwe	,
00000009	56c20579000b0000	000a0000585d0000	8664	Microsoft.WindowsStore	8wekyb3d8bbwe	,
C:\Program Files (x86)\Hnc\Office 2018\HOffice100\bin\HimTrayIcon.exe,2018-04-09 10:37:58
C:\Windows\system32\SgrmBroker.exe,2020-10-16 04:37:04
C:\Program Files (x86)\Hnc\Office 2018\HOffice100\bin\Hwp.exe,2018-04-09 10:42:30
C:\Windows\system32\DllHost.exe,2020-10-16 04:36:35
C:\Users\User\AppData\Local\JandiApp\app-1.5.6\JandiApp.exe,2022-06-30 14:25:45
C:\Users\User\AppData\Local\JandiApp\Update.exe,2022-06-30 14:25:46
C:\Program Files\Windows Defender\mpcmdrun.exe,2019-12-07 09:08:16
C:\Users\User\AppData\Roaming\DesktopCal\dkdockhost.exe,2022-08-31 05:56:58
C:\Users\User\AppData\Roaming\DesktopCal\desktopcal.exe,2022-08-31 05:57:34
C:\Windows\system32\SecurityHealthService.exe,2022-10-14 11:25:53
C:\Windows\System32\BdeUISrv.exe,2022-10-14 11:26:37
C:\Program Files (x86)\SoftForum\XecureWeb\AnySign\dll\AnySign4PC.exe,2019-10-15 01:38:56
c:\windows\system32\NetCfgNotifyObjectHost.exe,2019-12-07 09:09:05
C:\Windows\system32\sppsvc.exe,2022-12-15 10:30:10
C:\Windows\TEMP\7570ADDD-45F6-4173-AA91-C875E751DA28\dismhost.exe,2021-01-16 01:50:29
C:\Windows\System32\DriverStore\FileRepository\iclsclient.inf_amd64_76523213b78d9046\lib\IntelPTTEkRecertification.exe,2021-09-15 01:02:20
C:\Windows\System32\mousocoreworker.exe,2022-11-10 12:40:01
C:\Windows\SysWOW64\IMGSF50Start_x86.exe,2020-12-11 00:00:06
C:\Windows\system32\IMGSF50Start_x64.exe,2020-12-10 23:59:46
C:\Program Files (x86)\INCAInternet\nProtect Online Security\npk\noske64.exe,2021-10-28 06:38:12
C:\Windows\System32\DriverStore\FileRepository\igdlh64.inf_amd64_e9f7884f9b4f82b9\igfxEM.exe,2019-09-17 14:10:14
C:\Windows\Microsoft.Net\Framework64\v3.0\WPF\PresentationFontCache.exe,2019-11-08 05:44:00
C:\Windows\system32\rundll32.exe,2021-01-16 01:50:27
C:\Program Files (x86)\VMware\VMware Workstation\vmware-hostd.exe,2021-04-29 20:30:48
C:\Windows\System32\DriverStore\FileRepository\igdlh64.inf_amd64_e9f7884f9b4f82b9\IntelCpHeciSvc.exe,2019-09-17 14:10:22
C:\Windows\System32\DriverStore\FileRepository\dal.inf_amd64_0a3294d3216a4a83\jhi_service.exe,2018-11-13 00:46:22
C:\Program Files (x86)\Common Files\VMware\USB\vmware-usbarbitrator64.exe,2021-04-26 15:54:10
C:\Bitnami\WAMPST~1.13-\mariadb\bin\mysqld.exe,2021-11-05 21:15:48
C:\Bitnami\wampstack-8.0.13-0\mariadb\bin\mysqld.exe,2021-11-05 21:15:48
C:\Bitnami\WAMPST~1.13-\apache2\bin\httpd.exe,2021-10-07 16:31:28
C:\Bitnami\wampstack-8.0.13-0\apache2\bin\httpd.exe,2021-10-07 16:31:28
C:\Windows\SysWOW64\vmnat.exe,2021-04-29 20:28:38
C:\Program Files (x86)\VP\VPWalletService\VPWalletService.exe,2020-11-03 00:01:25
C:\Windows\SysWOW64\vmnetdhcp.exe,2021-04-29 20:28:38
C:\Program Files (x86)\VMware\VMware Workstation\vmware-authd.exe,2021-04-29 20:17:10
C:\Program Files\AhnLab\V3Lite40\ASDSvc.exe,2022-08-11 00:40:00
C:\Windows\SysWOW64\TUCTLSystem.exe,2021-10-27 00:23:54
C:\Windows\Teruten\TCube\TCubeServiceMgr64.exe,2021-12-02 07:24:46
C:\Program Files\MySQL\MySQL Server 8.0\bin\mysqld.exe,2021-06-30 17:12:52
C:\Program Files (x86)\Tailscale IPN\tailscaled.exe,2022-10-21 19:05:12
C:\Program Files (x86)\TPLSvc\TPLSvc.exe,2016-12-08 01:42:42
C:\Program Files (x86)\INCAInternet\nProtect Online Security\nossvc.exe,2022-10-24 01:15:42
C:\Windows\System32\DriverStore\FileRepository\lms.inf_amd64_fddb643595e0b8d0\LMS.exe,2021-09-01 17:06:42
C:\Program Files (x86)\KollusPlayer3\KollusSvr.exe,2022-08-09 01:17:28
C:\Windows\System32\DriverStore\FileRepository\iclsclient.inf_amd64_76523213b78d9046\lib\TPMProvisioningService.exe,2021-09-15 01:02:28
C:\Windows\Lenovo\ImController\Service\Lenovo.Modern.ImController.exe,2022-01-28 11:03:46
C:\Program Files (x86)\Hnc\Office 2018\HncUtils\Service\HncUpdateService.exe,2018-04-06 07:58:00
C:\Program Files (x86)\Common Files\Macrovision Shared\FlexNet Publisher\FNPLicensingService.exe,2022-11-14 11:27:24
C:\Program Files\Elantech\ETDService.exe,2017-11-08 12:32:46
C:\Program Files\Dolby\Dolby DAX2\DAX2_API\DolbyDAX2API.exe,2017-07-13 13:32:42
C:\Program Files\Common Files\Microsoft Shared\ClickToRun\OfficeClickToRun.exe,2022-12-13 01:07:25
C:\Program Files (x86)\iniLINE\CrossEX\crossex\ObCrossEXService.exe,2019-08-07 05:57:14
C:\Windows\System32\DriverStore\FileRepository\igdlh64.inf_amd64_e9f7884f9b4f82b9\IntelCpHDCPSvc.exe,2019-09-17 14:10:20
C:\Program Files (x86)\Google\Chrome Remote Desktop\108.0.5359.16\remoting_host.exe,2022-10-23 12:49:36
C:\Windows\System32\drivers\AdminService.exe,2018-08-01 07:48:54
C:\Program Files (x86)\SoftForum\XecureWeb\AnySign\dll\AnySign4PCLauncher.exe,2019-10-15 01:38:58
C:\Program Files (x86)\ESTsoft\ALUpdate\eausvc.exe,2021-02-24 07:30:44
C:\Windows\system32\sc.exe,2019-12-07 09:09:34
C:\Program Files (x86)\IPinside_LWS\I3GMainSvc.exe,2021-10-07 11:39:34
C:\Windows\System32\spoolsv.exe,2022-12-15 10:30:00
C:\Windows\system32\dashost.exe,2022-08-30 15:53:53
C:\Program Files\Realtek\Audio\HDA\RtkAudioService64.exe,2018-01-17 19:44:54
C:\Windows\system32\ClipRenew.exe,2022-08-30 15:53:30
C:\Windows\system32\dxgiadaptercache.exe,2022-10-14 11:25:56
C:\Windows\System32\DriverStore\FileRepository\igdlh64.inf_amd64_e9f7884f9b4f82b9\igfxCUIService.exe,2019-09-17 14:10:10
C:\Windows\System32\Upfc.exe,2019-12-07 09:08:33
C:\Windows\system32\dwm.exe,2021-01-16 01:50:17
C:\Windows\System32\WUDFHost.exe,2022-08-30 15:54:03
C:\Windows\system32\fontdrvhost.exe,2022-10-14 11:26:07
C:\Windows\system32\lsass.exe,2022-10-14 11:26:07
C:\Windows\system32\services.exe,2021-04-15 03:26:08
0000000b	000a00004a6103ff	000a00004a6103ff	8664	Microsoft.Windows.StartMenuExperienceHost	cw5n1h2txyewy	neutral,
C:\Users\User\AppData\Local\DBeaver\Uninstall.exe,2022-12-13 01:54:10
00000009	000a08a100020000	000a000047ba0000	8664	E046963F.LenovoCompanion	k1h2ywk1493x8	,
C:\Windows\System32\find.exe,2022-08-30 15:54:19
C:\Windows\SysWOW64\cmd.exe,2021-01-16 01:50:44
C:\Program Files (x86)\Lenovo\VantageService\3.13.43.0\LenovoVantage-(SmartPerformanceAddin).exe,2022-11-29 08:47:52
0000000b	000a00004a6103ff	000a000000000000	8664	Microsoft.Windows.ContentDeliveryManager	cw5n1h2txyewy	neutral,
C:\Users\User\AppData\Local\Programs\Python\Python310\Scripts\pip.exe,2022-11-10 11:01:37
0000000b	03e84a6103ff0000	000a0000295b0000	8664	Microsoft.AAD.BrokerPlugin	cw5n1h2txyewy	neutral,
C:\Program Files (x86)\MouseTracer\uninst.exe,2022-12-13 13:00:32
C:\Program Files (x86)\MouseTracer\MouseTracer.exe,2021-11-07 00:15:32
C:\Users\User\Desktop\마우스 트레이서 - 최신 버전\MouseTracer_1.0.7a_Setup.exe,2021-11-07 09:17:34
C:\Users\User\Desktop\마우스 트레이서 - 최신 버전\MouseTracer_1.0.7a_Setup (1).exe,2021-11-07 09:17:34
C:\Program Files (x86)\Google\Chrome Remote Desktop\108.0.5359.16\remoting_native_messaging_host.exe,2022-10-23 12:49:38
C:\Program Files\Microsoft Office\root\Office16\sdxhelper.exe,2022-12-13 01:10:16
C:\Windows\system32\wbem\wmiprvse.exe,2020-10-16 04:36:30
C:\ProgramData\DAMON\REPORTX\REPORTXSvc.exe,2020-05-08 04:26:38
C:\Program Files (x86)\Microsoft Visual Studio\2019\Community\Common7\IDE\Blend.exe,2021-11-19 12:04:56
C:\Users\User\AppData\Local\Temp\tmpuiphujww\OpenSaveFilesView.exe,2022-12-13 03:55:22
C:\Users\User\AppData\Local\Programs\Python\Python310\python.exe,2021-10-04 10:12:42
C:\Users\User\AppData\Local\Programs\Python\Python310\Scripts\auto-py-to-exe.exe,2022-11-15 16:58:49
C:\Users\User\AppData\Local\Temp\tmpq0ke5hmf\USBDeview.exe,2022-12-13 03:39:41
C:\Users\User\AppData\Local\Temp\tmpq0ke5hmf\UserProfilesView.exe,2022-12-13 03:39:41
C:\Users\User\AppData\Local\Temp\tmpq0ke5hmf\WebBrowserBookmarksView.exe,2022-12-13 03:39:41
C:\Users\User\AppData\Local\Temp\tmpq0ke5hmf\NetworkInterfacesView.exe,2022-12-13 03:39:41
C:\Users\User\AppData\Local\Temp\tmpq0ke5hmf\RBCmd.exe,2022-12-13 03:39:41
C:\Users\User\AppData\Local\Temp\tmpq0ke5hmf\BrowsingHistoryView.exe,2022-12-13 03:39:41
C:\Users\User\AppData\Local\Temp\tmpq0ke5hmf\shman.exe,2022-12-13 03:39:41
C:\Users\User\AppData\Local\Temp\tmpq0ke5hmf\UserAssistView.exe,2022-12-13 03:39:41
C:\Users\User\AppData\Local\Temp\tmpq0ke5hmf\AppCompatCacheParser.exe,2022-12-13 03:39:41
C:\Users\User\AppData\Local\Temp\tmpq0ke5hmf\WinPrefetchView.exe,2022-12-13 03:39:41
C:\Users\User\AppData\Local\Temp\tmpq0ke5hmf\JumpListsView.exe,2022-12-13 03:39:41
C:\Users\User\AppData\Local\Temp\tmpq0ke5hmf\LastActivityView.exe,2022-12-13 03:39:41
C:\Users\User\AppData\Local\Temp\tmpq0ke5hmf\ShellBagsView.exe,2022-12-13 03:39:41
C:\Users\User\AppData\Local\Temp\tmpq0ke5hmf\RecentFilesView.exe,2022-12-13 03:39:41
C:\Users\User\AppData\Local\Temp\tmpq0ke5hmf\OutlookAttachView.exe,2022-12-13 03:39:41
C:\Users\User\AppData\Local\Temp\tmpq0ke5hmf\BrowserDownloadsView.exe,2022-12-13 03:39:41
C:\Users\User\AppData\Local\Temp\tmpq0ke5hmf\OpenSaveFilesView.exe,2022-12-13 03:39:41
C:\Users\User\AppData\Local\Temp\tmp_z2lr6u4\OpenSaveFilesView.exe,2022-12-13 03:34:55
C:\Users\User\AppData\Local\Temp\tmp3eyz5gta\OpenSaveFilesView.exe,2022-12-13 03:32:42
C:\Users\User\AppData\Local\Temp\tmp4keqedr5\NetworkInterfacesView.exe,2022-12-13 03:26:35
C:\Users\User\AppData\Local\Temp\tmp_d_wzi0o\NetworkInterfacesView.exe,2022-12-13 03:26:11
C:\Users\User\AppData\Local\Temp\842D9227-8CED-45E4-A210-DB41FC6B9AD8\dismhost.exe,2021-01-16 01:50:29
C:\Users\User\AppData\Local\Temp\B9808D56-90FA-4275-9CCA-801E72F89359\dismhost.exe,2021-01-16 01:50:29
C:\Windows\Microsoft.NET\Framework\v4.0.30319\NGenTask.exe,2020-12-02 22:45:24
C:\Windows\Microsoft.NET\Framework64\v4.0.30319\NGenTask.exe,2020-12-02 22:38:14
C:\Windows\system32\disksnapshot.exe,2021-07-10 08:25:01
C:\Windows\system32\dstokenclean.exe,2020-08-23 10:08:31
C:\Windows\servicing\TrustedInstaller.exe,2022-06-19 08:49:42
C:\Windows\system32\speech_onecore\common\SpeechModelDownload.exe,2022-04-13 13:21:35
C:\Windows\System32\svchost.exe,2022-08-30 15:53:57
C:\Windows\system32\taskhostw.exe,2022-08-30 15:54:07
C:\Users\User\AppData\Roaming\DesktopCal\dkupdate.exe,2022-08-31 05:57:04
C:\Program Files (x86)\Microsoft\EdgeUpdate\MicrosoftEdgeUpdate.exe,2021-04-01 19:17:37
C:\Users\User\AppData\Local\Temp\dbeaver-ce-latest-x86_64-setup.exe13608707711616134352\dbeaver-ce-latest-x86_64-setup.exe,2022-12-13 01:53:51
C:\Users\User\AppData\Local\DBeaver\dbeaver.exe,2022-12-07 07:39:04
C:\Program Files\Bandizip\data\web32.exe,2022-11-17 08:46:00
C:\Users\User\Desktop\Me\Code\PY\DF_CAT_Forensic_Tool\DF_CAT_Tool_v1.0.4.exe,2022-12-13 03:46:10
C:\Program Files\Git\mingw64\libexec\git-core\git-credential-manager-core.exe,2022-02-01 07:09:14
C:\Program Files\Git\usr\bin\sh.exe,2022-02-01 07:08:46
C:\Windows\SysWOW64\regsvr32.exe,2019-12-07 09:10:04
C:\Windows\system32\regsvr32.exe,2019-12-07 09:09:46
C:\Users\User\AppData\Local\Microsoft\Teams\stage\Teams.exe,2022-12-13 01:35:17
C:\Users\User\AppData\Local\Microsoft\Teams\stage\Squirrel.exe,2022-12-13 01:35:15
C:\Users\User\AppData\Local\Temp\tmpdpn1ss4z\OpenSaveFilesView.exe,2022-12-13 01:32:56
C:\Users\User\AppData\Local\Temp\tmpm1vseiho\OpenSaveFilesView.exe,2022-12-13 01:30:33
C:\Users\User\AppData\Local\Temp\tmp25sgabcf\USBDeview.exe,2022-12-13 01:23:38
C:\Windows\system32\netstat.exe,2019-12-07 09:09:34
C:\Users\User\AppData\Local\Temp\tmp25sgabcf\UserProfilesView.exe,2022-12-13 01:23:38
C:\Users\User\AppData\Local\Temp\tmp25sgabcf\WebBrowserBookmarksView.exe,2022-12-13 01:23:38
C:\Users\User\AppData\Local\Temp\tmp25sgabcf\NetworkInterfacesView.exe,2022-12-13 01:23:37
C:\Users\User\AppData\Local\Temp\tmp25sgabcf\RBCmd.exe,2022-12-13 01:23:38
C:\Users\User\AppData\Local\Temp\tmp25sgabcf\BrowsingHistoryView.exe,2022-12-13 01:23:37
C:\Users\User\AppData\Local\Temp\tmp25sgabcf\shman.exe,2022-12-13 01:23:38
C:\Users\User\AppData\Local\Temp\tmp25sgabcf\UserAssistView.exe,2022-12-13 01:23:38
C:\Users\User\AppData\Local\Temp\tmp25sgabcf\AppCompatCacheParser.exe,2022-12-13 01:23:37
C:\Users\User\AppData\Local\Temp\tmp25sgabcf\WinPrefetchView.exe,2022-12-13 01:23:38
C:\Users\User\AppData\Local\Temp\tmp25sgabcf\JumpListsView.exe,2022-12-13 01:23:37
C:\Users\User\AppData\Local\Temp\tmpce3mc85f\USBDeview.exe,2022-12-13 01:22:36
C:\Users\User\AppData\Local\Temp\tmp25sgabcf\LastActivityView.exe,2022-12-13 01:23:37
C:\Users\User\AppData\Local\Temp\tmpce3mc85f\UserProfilesView.exe,2022-12-13 01:22:36
C:\Users\User\AppData\Local\Temp\tmpce3mc85f\WebBrowserBookmarksView.exe,2022-12-13 01:22:36
C:\Users\User\AppData\Local\Temp\tmp25sgabcf\ShellBagsView.exe,2022-12-13 01:23:38
C:\Users\User\AppData\Local\Temp\tmpce3mc85f\NetworkInterfacesView.exe,2022-12-13 01:22:36
C:\Users\User\AppData\Local\Temp\tmpce3mc85f\RBCmd.exe,2022-12-13 01:22:36
C:\Users\User\AppData\Local\Temp\tmpce3mc85f\BrowsingHistoryView.exe,2022-12-13 01:22:36
C:\Users\User\AppData\Local\Temp\tmpce3mc85f\shman.exe,2022-12-13 01:22:36
C:\Users\User\AppData\Local\Temp\tmp25sgabcf\RecentFilesView.exe,2022-12-13 01:23:38
C:\Users\User\AppData\Local\Temp\tmpce3mc85f\UserAssistView.exe,2022-12-13 01:22:36
C:\Users\User\AppData\Local\Temp\tmp25sgabcf\OutlookAttachView.exe,2022-12-13 01:23:38
C:\Users\User\AppData\Local\Temp\tmpce3mc85f\AppCompatCacheParser.exe,2022-12-13 01:22:36
C:\Users\User\AppData\Local\Temp\tmp25sgabcf\BrowserDownloadsView.exe,2022-12-13 01:23:37
C:\Users\User\AppData\Local\Temp\tmp25sgabcf\OpenSaveFilesView.exe,2022-12-13 01:23:37
C:\Users\User\AppData\Local\Temp\tmpce3mc85f\WinPrefetchView.exe,2022-12-13 01:22:36
C:\Users\User\AppData\Local\Temp\tmpce3mc85f\JumpListsView.exe,2022-12-13 01:22:36
C:\Users\User\AppData\Local\Temp\tmpce3mc85f\LastActivityView.exe,2022-12-13 01:22:36
C:\Users\User\AppData\Local\Temp\tmpce3mc85f\ShellBagsView.exe,2022-12-13 01:22:36
C:\Users\User\AppData\Local\Temp\tmpce3mc85f\RecentFilesView.exe,2022-12-13 01:22:36
C:\Users\User\AppData\Local\Temp\tmpce3mc85f\OutlookAttachView.exe,2022-12-13 01:22:36
C:\Users\User\AppData\Local\Temp\tmpce3mc85f\BrowserDownloadsView.exe,2022-12-13 01:22:36
C:\Users\User\AppData\Local\Temp\tmpce3mc85f\OpenSaveFilesView.exe,2022-12-13 01:22:36
C:\Users\User\Desktop\Me\Code\PY\DF_CAT_Forensic_Tool\output\DF_CAT_Tool_v1.0.4.exe,2022-12-13 03:46:10
C:\Users\User\AppData\Local\Programs\Notion\Notion.exe,2022-10-14 21:00:26
00000009	00050336281f0000	000a000055f00000	8664	Microsoft.XboxGamingOverlay	8wekyb3d8bbwe	,
00000009	007808a410540000	000a00007fff0000	8664	MicrosoftWindows.Client.CBS	cw5n1h2txyewy	,
c:\Windows\syswow64\MsiExec.exe,2022-11-10 12:40:23
C:\Windows\system32\msiexec.exe,2022-11-10 12:40:20
C:\Windows\System32\wevtutil.exe,2022-11-10 12:40:01
C:\Windows\system32\SearchIndexer.exe,2022-11-10 12:39:59
D:\Riot Games\Riot Client\RiotClientServices.exe,2022-12-07 07:27:49
C:\Program Files (x86)\VMware\VMware Workstation\vmware.exe,2021-04-29 20:30:16
C:\Program Files\obs-studio\bin\64bit\obs64.exe,2022-10-21 08:20:20
C:\Program Files (x86)\NetSarang\Xshell 7\Xshell.exe,2022-09-08 09:18:50
C:\Program Files (x86)\Microsoft Visual Studio\2019\Community\Common7\IDE\devenv.exe,2021-11-19 12:04:56
C:\Program Files\HxD\HxD.exe,2021-02-10 13:20:16
C:\Program Files\Microsoft Office\root\Office16\perfboost.exe,2022-12-13 01:10:15
C:\Users\User\AppData\Local\Temp\tmpehnj8pga\USBDeview.exe,2022-12-13 01:07:58
C:\Users\User\AppData\Local\Temp\tmpehnj8pga\UserProfilesView.exe,2022-12-13 01:07:58
C:\Users\User\AppData\Local\Temp\tmpehnj8pga\WebBrowserBookmarksView.exe,2022-12-13 01:07:58
C:\Users\User\AppData\Local\Temp\tmpehnj8pga\NetworkInterfacesView.exe,2022-12-13 01:07:58
C:\Users\User\AppData\Local\Temp\tmpehnj8pga\RBCmd.exe,2022-12-13 01:07:58
C:\Users\User\AppData\Local\Temp\tmpehnj8pga\BrowsingHistoryView.exe,2022-12-13 01:07:58
C:\Program Files\WindowsApps\Microsoft.ZuneVideo_10.22091.10031.0_x64__8wekyb3d8bbwe\Application,2022-11-06 05:44:30
00000009	000a564b272f0000	000a00004bc80000	8664	Microsoft.ZuneVideo	8wekyb3d8bbwe	,
C:\Users\User\AppData\Local\Temp\tmpehnj8pga\shman.exe,2022-12-13 01:07:58
C:\ProgramData\Lenovo\ImController\Plugins\LenovoBatteryGaugePackage\x64\PinVantageToolbarToast.exe,2022-09-22 19:29:32
C:\Users\User\AppData\Local\Temp\tmpehnj8pga\UserAssistView.exe,2022-12-13 01:07:58
C:\Users\User\AppData\Local\Temp\tmpehnj8pga\AppCompatCacheParser.exe,2022-12-13 01:07:58
C:\Users\User\AppData\Local\Temp\tmpehnj8pga\WinPrefetchView.exe,2022-12-13 01:07:58
C:\Users\User\AppData\Local\Temp\tmpehnj8pga\JumpListsView.exe,2022-12-13 01:07:58
C:\Users\User\AppData\Local\Temp\tmpehnj8pga\LastActivityView.exe,2022-12-13 01:07:58
C:\Users\User\AppData\Local\Temp\tmpehnj8pga\ShellBagsView.exe,2022-12-13 01:07:58
C:\Users\User\AppData\Local\Temp\tmpehnj8pga\RecentFilesView.exe,2022-12-13 01:07:58
C:\Users\User\AppData\Local\Temp\tmpehnj8pga\OutlookAttachView.exe,2022-12-13 01:07:58
C:\Users\User\AppData\Local\Temp\tmpehnj8pga\BrowserDownloadsView.exe,2022-12-13 01:07:58
C:\Users\User\AppData\Local\Temp\tmpehnj8pga\OpenSaveFilesView.exe,2022-12-13 01:07:58
C:\Program Files\Common Files\Microsoft Shared\ClickToRun\Updates\16.0.15831.20190\OfficeClickToRun.exe,2022-12-13 01:07:25
C:\Program Files\Git\mingw64\libexec\git-core\git-remote-https.exe,2022-02-01 06:47:52
C:\Windows\System32\wbem\WMIC.exe,2022-06-19 08:48:22
C:\Program Files (x86)\Teams Installer\Teams.exe,2021-11-23 16:15:02
C:\Program Files (x86)\VMware\VMware Workstation\vmware-tray.exe,2021-04-29 20:30:18
C:\Program Files (x86)\Hnc\Office 2018\HncUtils\Service\HncUpdateTray.exe,2018-04-06 07:58:00
C:\Windows\SysWOW64\runonce.exe,2021-09-16 23:44:06
C:\Windows\SysWOW64\reg.exe,2019-12-07 09:09:57
C:\Program Files\NVIDIA Corporation\NVSMI\nvidia-smi.exe,2020-06-23 18:28:38
C:\Users\User\AppData\Local\Microsoft\Teams\Update.exe,2022-12-13 01:35:15
C:\Program Files (x86)\Hnc\Office 2018\HOffice100\Bin\HNetCom.Agent.exe,2018-04-09 10:41:18
C:\Users\User\AppData\Local\Discord\Update.exe,2021-09-21 09:16:42
C:\Windows\System32\sihclient.exe,2022-11-10 12:40:20
C:\Program Files\Microsoft OneDrive\OneDrive.exe,2022-12-10 13:12:46
C:\Program Files (x86)\ESTsoft\ALCapture\ALCaptureEditor.exe,2022-11-07 08:57:54
C:\Program Files (x86)\INCAInternet\nProtect Online Security\nosstarter.npe,2022-08-02 07:21:59
C:\Program Files\Microsoft Office\root\Office16\msoia.exe,2022-12-13 01:10:32
C:\Program Files (x86)\VP\VPWalletService\VPWalletDaemon.exe,2020-11-03 00:01:21
C:\Program Files\Microsoft OneDrive\OneDriveStandaloneUpdater.exe,2022-12-10 13:12:46
C:\Users\User\Desktop\Me\Code\PY\DF_CAT_Forensic_Tool\output\DF_CAT_Tool (2).exe,2022-12-12 16:32:04
C:\Users\User\AppData\Local\Temp\tmp1en3m7or\AppCompatCacheParser.exe,2022-12-12 16:32:46
C:\Users\User\Desktop\Me\Code\PY\DF_CAT_Forensic_Tool\output\gui_main.exe,2022-12-12 16:32:04
C:\Users\User\AppData\Local\Temp\tmpp_klk9nr\AppCompatCacheParser.exe,2022-12-12 16:20:12
C:\Users\User\AppData\Local\Temp\tmpcmrtam6p\AppCompatCacheParser.exe,2022-12-12 16:18:21
C:\Users\User\AppData\Local\Temp\tmp7d8vla1y\USBDeview.exe,2022-12-12 16:15:02
C:\Users\User\AppData\Local\Temp\tmp7d8vla1y\UserProfilesView.exe,2022-12-12 16:15:02
C:\Users\User\AppData\Local\Temp\tmp7d8vla1y\WebBrowserBookmarksView.exe,2022-12-12 16:15:02
C:\Users\User\AppData\Local\Temp\tmp7d8vla1y\NetworkInterfacesView.exe,2022-12-12 16:15:02
C:\Users\User\AppData\Local\Temp\tmp7d8vla1y\RBCmd.exe,2022-12-12 16:15:02
C:\Users\User\AppData\Local\Temp\tmp7d8vla1y\BrowsingHistoryView.exe,2022-12-12 16:15:02
C:\Users\User\AppData\Local\Temp\tmp7d8vla1y\shman.exe,2022-12-12 16:15:02
C:\Users\User\AppData\Local\Temp\tmp7d8vla1y\UserAssistView.exe,2022-12-12 16:15:02
C:\Users\User\AppData\Local\Temp\tmp7d8vla1y\AppCompatCacheParser.exe,2022-12-12 16:15:02
C:\Users\User\AppData\Local\Temp\tmp7d8vla1y\WinPrefetchView.exe,2022-12-12 16:15:02
C:\Users\User\AppData\Local\Temp\tmp7d8vla1y\JumpListsView.exe,2022-12-12 16:15:02
C:\Users\User\AppData\Local\Temp\tmp7d8vla1y\LastActivityView.exe,2022-12-12 16:15:02
C:\Users\User\AppData\Local\Temp\tmp7d8vla1y\ShellBagsView.exe,2022-12-12 16:15:02
C:\Users\User\AppData\Local\Temp\tmp7d8vla1y\RecentFilesView.exe,2022-12-12 16:15:02
C:\Users\User\AppData\Local\Temp\tmp7d8vla1y\OutlookAttachView.exe,2022-12-12 16:15:02
C:\Users\User\AppData\Local\Temp\tmp7d8vla1y\BrowserDownloadsView.exe,2022-12-12 16:15:02
C:\Users\User\AppData\Local\Temp\tmp7d8vla1y\OpenSaveFilesView.exe,2022-12-12 16:15:02
C:\Users\User\AppData\Local\Temp\tmpe3io0dja\OutlookAttachView.exe,2022-12-12 16:09:11
C:\Windows\winsxs\amd64_microsoft-windows-servicingstack_31bf3856ad364e35_10.0.19041.2180_none_7e328fe47c714aab\TiWorker.exe,2022-09-13 04:31:35
C:\Users\User\AppData\Local\Temp\tmpqg09nk1j\OutlookAttachView.exe,2022-12-12 16:08:20
C:\Users\User\AppData\Local\Temp\tmpihwz4ilj\OutlookAttachView.exe,2022-12-12 16:05:44
C:\Users\User\AppData\Local\Temp\tmpyk6rft95\USBDeview.exe,2022-12-12 16:02:47
C:\Users\User\AppData\Local\Temp\tmpyk6rft95\UserProfilesView.exe,2022-12-12 16:02:47
C:\Users\User\AppData\Local\Temp\tmpyk6rft95\WebBrowserBookmarksView.exe,2022-12-12 16:02:47
C:\Users\User\AppData\Local\Temp\tmpyk6rft95\NetworkInterfacesView.exe,2022-12-12 16:02:47
C:\Users\User\AppData\Local\Temp\tmpyk6rft95\RBCmd.exe,2022-12-12 16:02:47
C:\Users\User\AppData\Local\Temp\tmpyk6rft95\BrowsingHistoryView.exe,2022-12-12 16:02:47
C:\Users\User\AppData\Local\Temp\tmpyk6rft95\shman.exe,2022-12-12 16:02:47
C:\Users\User\AppData\Local\Temp\tmpyk6rft95\UserAssistView.exe,2022-12-12 16:02:47
C:\Users\User\AppData\Local\Temp\tmpyk6rft95\AppCompatCacheParser.exe,2022-12-12 16:02:47
C:\Users\User\AppData\Local\Temp\tmpyk6rft95\WinPrefetchView.exe,2022-12-12 16:02:47
C:\Users\User\AppData\Local\Temp\tmpyk6rft95\JumpListsView.exe,2022-12-12 16:02:47
C:\Users\User\AppData\Local\Temp\tmpyk6rft95\LastActivityView.exe,2022-12-12 16:02:47
C:\Users\User\AppData\Local\Temp\tmpyk6rft95\ShellBagsView.exe,2022-12-12 16:02:47
C:\Users\User\AppData\Local\Temp\tmpyk6rft95\RecentFilesView.exe,2022-12-12 16:02:47
C:\Users\User\AppData\Local\Temp\tmpyk6rft95\OutlookAttachView.exe,2022-12-12 16:02:47
C:\Users\User\AppData\Local\Temp\tmpyk6rft95\BrowserDownloadsView.exe,2022-12-12 16:02:47
C:\Users\User\AppData\Local\Temp\tmpyk6rft95\OpenSaveFilesView.exe,2022-12-12 16:02:47
C:\Users\User\AppData\Local\Temp\tmplt03131q\NetworkInterfacesView.exe,2022-12-12 15:57:42
C:\Users\User\AppData\Local\Temp\tmpzw8nno7n\OutlookAttachView.exe,2022-12-12 15:56:16
C:\Users\User\AppData\Local\Programs\OP.GG\OP.GG.exe,2022-12-06 19:09:54
C:\Users\User\AppData\Local\Temp\tmpe38f_zyk\OutlookAttachView.exe,2022-12-12 15:55:10
C:\Users\User\AppData\Local\Temp\tmpz9ti2gtt\USBDeview.exe,2022-12-12 15:50:14
C:\Users\User\AppData\Local\Temp\tmpz9ti2gtt\UserProfilesView.exe,2022-12-12 15:50:14
C:\Users\User\AppData\Local\Temp\tmpz9ti2gtt\WebBrowserBookmarksView.exe,2022-12-12 15:50:14
C:\Users\User\AppData\Local\Temp\tmpz9ti2gtt\NetworkInterfacesView.exe,2022-12-12 15:50:14
C:\Users\User\AppData\Local\Temp\tmpz9ti2gtt\RBCmd.exe,2022-12-12 15:50:14
C:\Users\User\AppData\Local\Temp\tmpz9ti2gtt\BrowsingHistoryView.exe,2022-12-12 15:50:14
C:\Users\User\AppData\Local\Temp\tmpz9ti2gtt\shman.exe,2022-12-12 15:50:14
C:\Users\User\AppData\Local\Temp\tmpz9ti2gtt\UserAssistView.exe,2022-12-12 15:50:14
C:\Users\User\AppData\Local\Temp\tmpz9ti2gtt\AppCompatCacheParser.exe,2022-12-12 15:50:14
C:\Users\User\AppData\Local\Temp\tmpz9ti2gtt\WinPrefetchView.exe,2022-12-12 15:50:14
C:\Users\User\AppData\Local\Temp\tmpz9ti2gtt\JumpListsView.exe,2022-12-12 15:50:14
C:\Users\User\AppData\Local\Temp\tmpz9ti2gtt\LastActivityView.exe,2022-12-12 15:50:14
C:\Users\User\AppData\Local\Temp\tmpz9ti2gtt\ShellBagsView.exe,2022-12-12 15:50:14
C:\Users\User\AppData\Local\Temp\tmpz9ti2gtt\RecentFilesView.exe,2022-12-12 15:50:14
C:\Users\User\AppData\Local\Temp\tmpz9ti2gtt\OutlookAttachView.exe,2022-12-12 15:50:14
C:\Users\User\AppData\Local\Temp\tmpz9ti2gtt\BrowserDownloadsView.exe,2022-12-12 15:50:14
C:\Users\User\AppData\Local\Temp\tmpz9ti2gtt\OpenSaveFilesView.exe,2022-12-12 15:50:14
C:\Users\User\AppData\Local\Temp\tmpc1fvhi7_\USBDeview.exe,2022-12-12 15:44:54
C:\Users\User\AppData\Local\Temp\tmpc1fvhi7_\UserProfilesView.exe,2022-12-12 15:44:54
C:\Users\User\AppData\Local\Temp\tmpc1fvhi7_\WebBrowserBookmarksView.exe,2022-12-12 15:44:54
C:\Users\User\AppData\Local\Temp\tmpc1fvhi7_\NetworkInterfacesView.exe,2022-12-12 15:44:54
C:\Users\User\AppData\Local\Temp\tmpc1fvhi7_\RBCmd.exe,2022-12-12 15:44:54
C:\Users\User\AppData\Local\Temp\tmpc1fvhi7_\BrowsingHistoryView.exe,2022-12-12 15:44:54
C:\Users\User\AppData\Local\Temp\tmpc1fvhi7_\shman.exe,2022-12-12 15:44:54
C:\Users\User\AppData\Local\Temp\tmpc1fvhi7_\UserAssistView.exe,2022-12-12 15:44:54
C:\Users\User\AppData\Local\Temp\tmpc1fvhi7_\AppCompatCacheParser.exe,2022-12-12 15:44:54
C:\Program Files (x86)\INCAInternet\nProtect Online Security\npupdatec.exe,2021-10-28 06:37:34
C:\Users\User\AppData\Local\Temp\tmpc1fvhi7_\WinPrefetchView.exe,2022-12-12 15:44:54
C:\Users\User\AppData\Local\Temp\tmpc1fvhi7_\JumpListsView.exe,2022-12-12 15:44:54
C:\Users\User\AppData\Local\Temp\tmpc1fvhi7_\LastActivityView.exe,2022-12-12 15:44:54
C:\Users\User\AppData\Local\Temp\tmpc1fvhi7_\ShellBagsView.exe,2022-12-12 15:44:54
C:\Users\User\AppData\Local\Temp\tmpc1fvhi7_\RecentFilesView.exe,2022-12-12 15:44:54
C:\Users\User\AppData\Local\Temp\tmpc1fvhi7_\OutlookAttachView.exe,2022-12-12 15:44:54
C:\Users\User\AppData\Local\Temp\tmpc1fvhi7_\BrowserDownloadsView.exe,2022-12-12 15:44:54
C:\Users\User\AppData\Local\Temp\tmpc1fvhi7_\OpenSaveFilesView.exe,2022-12-12 15:44:54
C:\Users\User\AppData\Local\Temp\tmpl1pid4up\USBDeview.exe,2022-12-12 15:35:22
C:\Users\User\AppData\Local\Temp\tmpl1pid4up\UserProfilesView.exe,2022-12-12 15:35:22
C:\Users\User\AppData\Local\Temp\tmpl1pid4up\WebBrowserBookmarksView.exe,2022-12-12 15:35:22
C:\Users\User\AppData\Local\Temp\tmpl1pid4up\NetworkInterfacesView.exe,2022-12-12 15:35:22
C:\Users\User\AppData\Local\Temp\tmpl1pid4up\RBCmd.exe,2022-12-12 15:35:22
C:\Users\User\AppData\Local\Temp\tmpl1pid4up\BrowsingHistoryView.exe,2022-12-12 15:35:22
C:\Users\User\AppData\Local\Temp\tmpl1pid4up\shman.exe,2022-12-12 15:35:22
C:\Users\User\AppData\Local\Temp\tmpl1pid4up\UserAssistView.exe,2022-12-12 15:35:22
C:\Users\User\AppData\Local\Temp\tmpl1pid4up\AppCompatCacheParser.exe,2022-12-12 15:35:22
C:\Users\User\AppData\Local\Temp\tmpl1pid4up\WinPrefetchView.exe,2022-12-12 15:35:22
C:\Users\User\AppData\Local\Temp\tmpl1pid4up\JumpListsView.exe,2022-12-12 15:35:22
C:\Users\User\AppData\Local\Temp\tmpl1pid4up\LastActivityView.exe,2022-12-12 15:35:22
C:\Users\User\AppData\Local\Temp\tmpl1pid4up\ShellBagsView.exe,2022-12-12 15:35:22
C:\Users\User\AppData\Local\Temp\tmpl1pid4up\RecentFilesView.exe,2022-12-12 15:35:22
C:\Users\User\AppData\Local\Temp\tmpl1pid4up\OutlookAttachView.exe,2022-12-12 15:35:22
C:\Users\User\AppData\Local\Temp\tmpl1pid4up\BrowserDownloadsView.exe,2022-12-12 15:35:22
C:\Users\User\AppData\Local\Temp\tmpl1pid4up\OpenSaveFilesView.exe,2022-12-12 15:35:22
C:\Users\User\AppData\Local\Programs\Python\Python310\pythonw.exe,2021-10-04 10:12:42
C:\Users\User\Desktop\Me\Code\PY\DF_CAT_Tool.exe,2022-12-12 15:09:04
C:\Users\User\Desktop\DF_CAT_Forensic_Tool\DF_CAT_Tool.exe,2022-12-12 07:08:37
C:\Program Files\Git\mingw64\libexec\git-core\git-upload-pack.exe,2022-02-01 06:47:52
C:\Users\User\AppData\Local\Temp\tmp08kyxb53\WinPrefetchView.exe,2022-12-12 14:47:09
C:\Users\User\AppData\Local\Temp\tmpufvin2f3\WinPrefetchView.exe,2022-12-12 14:38:23
C:\Users\User\AppData\Local\Temp\tmp8ypnqnz3\OpenSaveFilesView.exe,2022-12-12 12:59:27
C:\Users\User\AppData\Local\Temp\tmph92ziqf3\OpenSaveFilesView.exe,2022-12-12 12:57:48
C:\Users\User\Downloads\winprefetchview-x64\WinPrefetchView.exe,2022-12-12 12:27:54
C:\Users\User\AppData\Local\Temp\tmpr0hasmen\OpenSaveFilesView.exe,2022-12-12 11:23:06
C:\Users\User\AppData\Local\Temp\tmpttmbx5ly\OpenSaveFilesView.exe,2022-12-12 11:12:30
C:\Users\User\AppData\Local\Temp\tmp6nsaodgg\OpenSaveFilesView.exe,2022-12-12 10:43:09
C:\Users\User\AppData\Local\Temp\tmpm3lsbeo1\OpenSaveFilesView.exe,2022-12-12 10:42:16
C:\Users\User\AppData\Local\Temp\tmpfrhaskky\OpenSaveFilesView.exe,2022-12-12 10:37:55
C:\Users\User\AppData\Local\Programs\Python\Python310\Scripts\pip3.exe,2022-11-10 11:01:37
C:\Users\User\AppData\Local\Temp\D6ABBF7B-2B68-4259-828C-77FEFFF022E8\dismhost.exe,2021-01-16 01:50:29
C:\Program Files (x86)\DOUZONE\DFAS Pro DEMO\DFASHDDInfo.exe,2017-02-02 08:30:00
C:\Windows\System32\explorer.exe,2022-11-10 12:40:11
C:\Windows\SysWOW64\explorer.exe,2022-11-10 12:40:11
C:\Windows\SysWOW64\werfault.exe,2022-08-30 15:54:14
C:\Program Files (x86)\DOUZONE\DFAS Pro DEMO\dzWirelessTool.exe,2015-04-06 06:09:24
C:\Program Files\WindowsApps\SpotifyAB.SpotifyMusic_1.200.1165.0_x86__zpdnekdrzrea0\Application,2022-12-11 07:34:16
00000000	000100c8048d0000	000a00004a610000	014c	SpotifyAB.SpotifyMusic	zpdnekdrzrea0	,
00000000	000100c8048d0000	000a00004a610000	8664	SpotifyAB.SpotifyMusic	zpdnekdrzrea0	,
C:\Windows\System32\driverquery.exe,2019-12-07 09:09:05
C:\Program Files (x86)\DOUZONE\DFAS Pro DEMO\dzcap.exe,2016-05-26 08:12:14
C:\Users\Public\Documents\DOUZONE\DFAS_PRO\uni\unins000.exe,2022-12-11 07:18:56
C:\Program Files (x86)\DOUZONE\DFAS Pro DEMO\DFASAnalyzerPRO.exe,2021-08-23 04:43:00
C:\Users\User\AppData\Local\Temp\is-8H4U2.tmp\[1.2.1.42._x64_001]DFAS_Pro_DEMO_Setup.tmp,2022-12-11 07:18:56
C:\Users\User\AppData\Local\Temp\is-PLPPR.tmp\[1.2.1.42._x64_001]DFAS_Pro_DEMO_Setup.tmp,2022-12-11 07:18:53
C:\Users\User\Desktop\[1.2.1.42._x64_001]DFAS_Pro_DEMO_Setup.exe,2021-09-01 02:24:06
C:\Program Files (x86)\Microsoft\EdgeWebView\Application\108.0.1462.46\msedgewebview2.exe,2022-12-08 12:18:37
C:\Users\User\AppData\Local\Temp\24B65785-9914-4917-9B76-D3D9F2B8BDA5\dismhost.exe,2021-01-16 01:50:29
C:\Users\User\AppData\Local\Microsoft\Teams\current\Teams.exe,2022-12-13 01:35:17
C:\Users\User\AppData\Local\Temp\tmp42rztc5_\USBDeview.exe,2022-12-11 05:27:38
C:\Users\User\AppData\Local\Temp\tmp42rztc5_\RBCmd.exe,2022-12-11 05:27:38
C:\Users\User\AppData\Local\Temp\tmp42rztc5_\BrowsingHistoryView.exe,2022-12-11 05:27:38
C:\Users\User\AppData\Local\Temp\tmp42rztc5_\WinPrefetchView.exe,2022-12-11 05:27:38
C:\Users\User\AppData\Local\Temp\tmp42rztc5_\ShellBagsView.exe,2022-12-11 05:27:38
C:\Users\User\AppData\Local\Temp\tmp42rztc5_\RecentFilesView.exe,2022-12-11 05:27:38
C:\Users\User\AppData\Local\Temp\tmp42rztc5_\OutlookAttachView.exe,2022-12-11 05:27:38
C:\Users\User\AppData\Local\Temp\tmp42rztc5_\BrowserDownloadsView.exe,2022-12-11 05:27:38
C:\Users\User\AppData\Local\Temp\tmp42rztc5_\OpenSaveFilesView.exe,2022-12-11 05:27:38
C:\Users\User\AppData\Local\Temp\tmpc129zigb\WinPrefetchView.exe,2022-12-11 05:24:48
C:\Users\User\Desktop\Tool\IDA_Pro_7.5\ida.exe,2021-04-24 03:05:24
C:\Users\User\AppData\Local\Programs\Microsoft VS Code\tools\inno_updater.exe,2022-12-05 08:07:22
00000000	000f005c0c840000	000a000047ba0000	014c	Microsoft.SkypeApp	kzf8qxf38zg5c	,
C:\Users\User\AppData\Local\Temp\tmprwnn4_jz\USBDeview.exe,2022-12-11 05:16:27
C:\Users\User\AppData\Local\Temp\tmprwnn4_jz\UserProfilesView.exe,2022-12-11 05:16:27
C:\Users\User\AppData\Local\Temp\tmprwnn4_jz\WebBrowserBookmarksView.exe,2022-12-11 05:16:27
C:\Users\User\AppData\Local\Temp\tmprwnn4_jz\NetworkInterfacesView.exe,2022-12-11 05:16:27
C:\Users\User\AppData\Local\Temp\tmprwnn4_jz\RBCmd.exe,2022-12-11 05:16:27
C:\Users\User\AppData\Local\Temp\tmprwnn4_jz\BrowsingHistoryView.exe,2022-12-11 05:16:27
C:\Users\User\AppData\Local\Temp\tmprwnn4_jz\shman.exe,2022-12-11 05:16:27
C:\Users\User\AppData\Local\Temp\tmprwnn4_jz\UserAssistView.exe,2022-12-11 05:16:27
C:\Users\User\AppData\Local\Temp\tmprwnn4_jz\AppCompatCacheParser.exe,2022-12-11 05:16:27
C:\Users\User\AppData\Local\Temp\tmprwnn4_jz\WinPrefetchView.exe,2022-12-11 05:16:27
C:\Users\User\AppData\Local\Temp\tmprwnn4_jz\JumpListsView.exe,2022-12-11 05:16:27
C:\Users\User\AppData\Local\Temp\tmprwnn4_jz\LastActivityView.exe,2022-12-11 05:16:27
C:\Users\User\AppData\Local\Temp\tmprwnn4_jz\ShellBagsView.exe,2022-12-11 05:16:27
C:\Users\User\AppData\Local\Temp\tmprwnn4_jz\RecentFilesView.exe,2022-12-11 05:16:27
C:\Users\User\AppData\Local\Temp\tmprwnn4_jz\OutlookAttachView.exe,2022-12-11 05:16:27
C:\Users\User\AppData\Local\Temp\tmprwnn4_jz\BrowserDownloadsView.exe,2022-12-11 05:16:27
C:\Users\User\AppData\Local\Temp\tmprwnn4_jz\OpenSaveFilesView.exe,2022-12-11 05:16:27
C:\Users\User\Downloads\DF_CAT_Tool.exe,2022-12-11 05:24:22
C:\Users\User\AppData\Local\Temp\is-I981C.tmp\CodeSetup-stable-5235c6bb189b60b01b1f49062f4ffa42384f8c91.tmp,2022-12-11 05:14:43
C:\Users\User\AppData\Local\Temp\vscode-update-user-x64\CodeSetup-stable-5235c6bb189b60b01b1f49062f4ffa42384f8c91.exe,2022-12-11 05:14:41
00000009	0004000f2ef40000	000a00004a610000	8664	Microsoft.MicrosoftSolitaireCollection	8wekyb3d8bbwe	,
C:\Program Files (x86)\Lenovo\VantageService\3.13.43.0\LenovoVantage-(LenovoCompanionAppAddin).exe,2022-11-29 08:47:52
C:\Program Files\WindowsApps\Microsoft.MicrosoftOfficeHub_18.2210.1203.0_x64__8wekyb3d8bbwe\Application,2022-10-26 04:45:24
00000009	001208a204b30000	000a00004a610000	8664	Microsoft.MicrosoftOfficeHub	8wekyb3d8bbwe	,
C:\Program Files (x86)\Lenovo\VantageService\3.13.43.0\ScheduleEventAction.exe,2022-11-29 08:47:52
C:\Program Files\Microsoft OneDrive\22.238.1114.0002\FileCoAuth.exe,2022-12-10 13:12:45
C:\Program Files (x86)\Tailscale IPN\tailscale-ipn.exe,2022-10-21 19:02:36
C:\Program Files\Google\Chrome\Application\108.0.5359.99\elevation_service.exe,2022-12-07 01:36:53
C:\Program Files\Google\Chrome\Application\108.0.5359.99\Installer\setup.exe,2022-12-09 12:34:03
C:\Program Files (x86)\Microsoft\EdgeUpdate\Install\{C5346300-7DF9-49AF-8803-C8172B4CF773}\EDGEMITMP_78CE3.tmp\setup.exe,2022-12-10 13:13:00
C:\Program Files\Microsoft OneDrive\22.238.1114.0002\Microsoft.SharePoint.exe,2022-12-10 13:12:46
C:\Program Files (x86)\Microsoft\EdgeUpdate\Install\{C5346300-7DF9-49AF-8803-C8172B4CF773}\MicrosoftEdge_X64_108.0.1462.46.exe,2022-12-10 13:12:49
C:\Program Files\Microsoft OneDrive\22.238.1114.0002\FileSyncConfig.exe,2022-12-10 13:12:45
C:\Users\User\AppData\Local\Discord\app-1.0.9008\Discord.exe,2022-12-10 13:12:47
C:\Program Files\Microsoft OneDrive\22.232.1106.0002\OneDriveUpdaterService.exe,2022-12-08 15:51:37
C:\Windows\system32\ipconfig.exe,2019-12-07 09:09:33
0000000b	006c000005b6002e	000a00004a610000	8664	Microsoft.MicrosoftEdge.Stable	8wekyb3d8bbwe	,
C:\Program Files (x86)\Microsoft\Edge\Application\108.0.1462.46\identity_helper.exe,2022-12-08 12:19:34
C:\Program Files (x86)\Microsoft\Edge\Application\108.0.1462.46\Installer\setup.exe,2022-12-09 12:34:19
C:\Program Files (x86)\Microsoft\Edge\Application\108.0.1462.46\elevation_service.exe,2022-12-08 12:18:38
C:\Program Files (x86)\Lenovo\VantageService\3.13.43.0\LenovoVantage-(LenovoAuthenticationAddin).exe,2022-11-29 08:47:52
C:\Program Files (x86)\Lenovo\VantageService\3.13.43.0\LenovoVantage-(SmartDisplayAddin).exe,2022-11-29 08:47:52
C:\Program Files (x86)\Lenovo\VantageService\3.13.43.0\LenovoVantage-(SettingsWidgetAddin).exe,2022-11-29 08:47:52
C:\Program Files (x86)\Lenovo\VantageService\3.13.43.0\LenovoVantage-(MultimediaAddin).exe,2022-11-29 08:47:52
C:\Program Files (x86)\Lenovo\VantageService\3.13.43.0\LenovoVantage-(GenericMessagingAddin).exe,2022-11-29 08:47:52
C:\Program Files (x86)\Lenovo\VantageService\3.13.43.0\LenovoVantage-(SmartPrivacyAddin).exe,2022-11-29 08:47:52
C:\Program Files (x86)\Lenovo\VantageService\3.13.43.0\LenovoVantage-(SmartInteractAddin).exe,2022-11-29 08:47:52
C:\Program Files (x86)\Lenovo\VantageService\3.13.43.0\LenovoVantage-(LenovoSystemUpdateAddin).exe,2022-11-29 08:47:52
C:\Program Files (x86)\Lenovo\VantageService\3.13.43.0\LenovoVantage-(LenovoSecurityAddin).exe,2022-11-29 08:47:52
C:\Program Files (x86)\Lenovo\VantageService\3.13.43.0\LenovoVantage-(LenovoServiceBridgeAddin).exe,2022-11-29 08:47:52
C:\Program Files (x86)\Lenovo\VantageService\3.13.43.0\LenovoVantage-(IdeaNotebookAddin).exe,2022-11-29 08:47:52
C:\Program Files (x86)\Lenovo\VantageService\3.13.43.0\LenovoVantage-(DeviceSettingsSystemAddin).exe,2022-11-29 08:47:52
C:\Program Files (x86)\Lenovo\VantageService\3.13.43.0\LenovoVantage-(DeviceSettingsHeartbeatAddin).exe,2022-11-29 08:47:52
C:\Program Files (x86)\Lenovo\VantageService\3.13.43.0\LenovoVantage-(LenovoGamingSystemAddin).exe,2022-11-29 08:47:52
C:\Program Files (x86)\Lenovo\VantageService\3.13.43.0\LenovoVantage-(VantageCoreAddin).exe,2022-11-29 08:47:52
C:\Program Files (x86)\Lenovo\VantageService\3.13.43.0\LenovoVantage-(GenericTelemetryAddin).exe,2022-11-29 08:47:52
C:\Program Files (x86)\Lenovo\VantageService\3.13.43.0\LenovoVantageService.exe,2022-11-29 08:47:52
C:\Program Files (x86)\Lenovo\VantageService\3.13.43.0\Lenovo.Vantage.AddinInstaller.exe,2022-11-29 08:47:52
C:\Program Files (x86)\Lenovo\VantageService\3.13.43.0\Lenovo.VantageService.InstallerHelper.exe,2022-11-29 08:47:52
C:\Users\User\AppData\Local\Discord\app-1.0.9007\Discord.exe,2022-10-23 04:06:32
C:\Program Files (x86)\Microsoft\EdgeUpdate\Install\{3DDF05E5-625C-403E-BCC4-E95139F3038E}\EDGEMITMP_82FAC.tmp\setup.exe,2022-12-09 12:34:19
C:\Program Files (x86)\Microsoft\EdgeUpdate\Install\{3DDF05E5-625C-403E-BCC4-E95139F3038E}\MicrosoftEdge_X64_108.0.1462.46_108.0.1462.42.exe,2022-12-09 12:34:18
C:\Program Files (x86)\Google\Update\Install\{7584386E-52E4-4727-A2A2-9E9E07266361}\CR_1EDC2.tmp\setup.exe,2022-12-09 12:34:03
C:\Program Files (x86)\Google\Update\Install\{7584386E-52E4-4727-A2A2-9E9E07266361}\108.0.5359.99_chrome_installer.exe,2022-12-09 12:34:00
C:\Bitnami\wampstack-8.0.13-0\serviceinstall.bat,2021-11-25 14:46:34
C:\Program Files\Microsoft OneDrive\22.232.1106.0002\FileCoAuth.exe,2022-12-08 15:51:36
C:\Program Files (x86)\Microsoft\EdgeUpdate\Install\{0610B0D2-0E03-4F68-9CC8-E00E9A933778}\EDGEMITMP_DF6AF.tmp\setup.exe,2022-12-08 15:52:30
C:\Program Files (x86)\Microsoft\EdgeUpdate\Install\{0610B0D2-0E03-4F68-9CC8-E00E9A933778}\MicrosoftEdge_X64_108.0.1462.44.exe,2022-12-08 15:52:27
C:\Program Files\Microsoft OneDrive\22.232.1106.0002\Microsoft.SharePoint.exe,2022-12-08 15:51:36
C:\Program Files\Microsoft OneDrive\22.232.1106.0002\FileSyncConfig.exe,2022-12-08 15:51:36
C:\Program Files\Microsoft OneDrive\22.227.1030.0001\OneDriveUpdaterService.exe,2022-11-19 10:55:08
C:\Users\User\Downloads\browserdownloadsview-x64\BrowserDownloadsView.exe,2022-12-08 12:09:37
C:\Windows\SystemApps\Microsoft.Windows.AppRep.ChxApp_cw5n1h2txyewy\Application,2021-10-07 10:14:09
0000000b	03e84a6103ff0000	000a000000000000	8664	Microsoft.Windows.Apprep.ChxApp	cw5n1h2txyewy	neutral,
C:\Users\User\Downloads\browsinghistoryview-x64\BrowsingHistoryView.exe,2022-12-08 12:03:06
C:\Program Files (x86)\Lenovo\VantageService\3.13.37.0\LenovoVantage-(LenovoAuthenticationAddin).exe,2022-10-24 10:45:32
C:\Users\User\AppData\Local\Kakao\KakaoTalk\KakaoUpdate.exe,2022-01-14 11:57:42
C:\Program Files\Google\Chrome\Application\108.0.5359.96\elevation_service.exe,2022-12-02 03:26:31
C:\Program Files\Google\Chrome\Application\108.0.5359.96\Installer\setup.exe,2022-12-07 19:04:20
C:\Program Files (x86)\Google\Update\Install\{A1BCA46D-186B-4971-9347-4F44C29727CA}\CR_D96CC.tmp\setup.exe,2022-12-07 19:04:20
C:\Program Files (x86)\Google\Update\Install\{A1BCA46D-186B-4971-9347-4F44C29727CA}\108.0.5359.96_108.0.5359.95_chrome_updater.exe,2022-12-07 19:04:19
C:\Users\User\AppData\Local\Temp\D290F5FC-CE24-41D5-8567-B01368DA3F5C\dismhost.exe,2021-01-16 01:50:29
00000009	00010001ce730000	000a000055f00000	8664	Microsoft.AV1VideoExtension	8wekyb3d8bbwe	,
C:\Program Files\Google\Chrome\Application\108.0.5359.95\elevation_service.exe,2022-12-02 01:17:53
C:\Program Files\Google\Chrome\Application\108.0.5359.95\Installer\setup.exe,2022-12-07 03:57:25
C:\Program Files (x86)\Lenovo\VantageService\3.13.37.0\LenovoVantage-(LenovoGamingUserAddin).exe,2022-10-24 10:45:28
D:\Riot Games\League of Legends\Game\LeagueCrashHandler.exe,2022-12-07 08:11:59
D:\Riot Games\League of Legends\Game\League of Legends.exe,2022-12-07 08:11:59
C:\Users\User\AppData\Local\Temp\tmplj71_5l6\USBDeview.exe,2022-12-07 08:33:04
C:\Users\User\AppData\Local\Temp\tmplj71_5l6\UserProfilesView.exe,2022-12-07 08:33:04
C:\Users\User\AppData\Local\Temp\tmplj71_5l6\WebBrowserBookmarksView.exe,2022-12-07 08:33:04
C:\Users\User\AppData\Local\Temp\tmplj71_5l6\NetworkInterfacesView.exe,2022-12-07 08:33:04
C:\Users\User\AppData\Local\Temp\tmplj71_5l6\RBCmd.exe,2022-12-07 08:33:04
C:\Users\User\AppData\Local\Temp\tmplj71_5l6\BrowsingHistoryView.exe,2022-12-07 08:33:04
C:\Users\User\AppData\Local\Temp\tmplj71_5l6\shman.exe,2022-12-07 08:33:04
C:\Users\User\AppData\Local\Temp\tmplj71_5l6\UserAssistView.exe,2022-12-07 08:33:04
C:\Users\User\AppData\Local\Temp\tmplj71_5l6\AppCompatCacheParser.exe,2022-12-07 08:33:04
C:\Users\User\AppData\Local\Temp\tmplj71_5l6\PECmd.exe,2022-12-07 08:33:04
C:\Users\User\AppData\Local\Temp\tmplj71_5l6\JumpListsView.exe,2022-12-07 08:33:04
C:\Users\User\AppData\Local\Temp\tmplj71_5l6\LastActivityView.exe,2022-12-07 08:33:04
C:\Users\User\AppData\Local\Temp\tmplj71_5l6\ShellBagsView.exe,2022-12-07 08:33:04
C:\Users\User\AppData\Local\Temp\tmplj71_5l6\RecentFilesView.exe,2022-12-07 08:33:04
C:\Users\User\AppData\Local\Temp\tmplj71_5l6\OutlookAttachView.exe,2022-12-07 08:33:04
C:\Users\User\AppData\Local\Temp\tmplj71_5l6\BrowserDownloadsView.exe,2022-12-07 08:33:04
C:\Users\User\AppData\Local\Temp\tmplj71_5l6\OpenSaveFilesView.exe,2022-12-07 08:33:04
C:\Windows\System32\DriverStore\FileRepository\igdlh64.inf_amd64_e9f7884f9b4f82b9\igd10iumd32.dll,2019-09-17 11:10:24
C:\Windows\System32\DriverStore\FileRepository\igdlh64.inf_amd64_e9f7884f9b4f82b9\igd10iumd64.dll,2019-09-17 11:10:26
C:\Users\User\AppData\Local\Temp\tmp5ixp0vrs\BrowserDownloadsView.exe,2022-12-07 07:57:32
C:\Users\User\AppData\Local\Temp\tmp5cu5e4jl\USBDeview.exe,2022-12-07 07:49:28
C:\Users\User\AppData\Local\Temp\tmp5cu5e4jl\UserProfilesView.exe,2022-12-07 07:49:28
C:\Users\User\AppData\Local\Temp\tmp5cu5e4jl\WebBrowserBookmarksView.exe,2022-12-07 07:49:28
C:\Users\User\AppData\Local\Temp\tmp5cu5e4jl\NetworkInterfacesView.exe,2022-12-07 07:49:28
C:\Users\User\AppData\Local\Temp\tmp5cu5e4jl\RBCmd.exe,2022-12-07 07:49:28
C:\Users\User\AppData\Local\Temp\tmp5cu5e4jl\BrowsingHistoryView.exe,2022-12-07 07:49:28
C:\Users\User\AppData\Local\Temp\tmp5cu5e4jl\shman.exe,2022-12-07 07:49:28
C:\Users\User\AppData\Local\Temp\tmp5cu5e4jl\UserAssistView.exe,2022-12-07 07:49:28
C:\Users\User\AppData\Local\Temp\tmp5cu5e4jl\AppCompatCacheParser.exe,2022-12-07 07:49:28
C:\Users\User\AppData\Local\Temp\tmp5cu5e4jl\PECmd.exe,2022-12-07 07:49:28
C:\Users\User\AppData\Local\Temp\tmp5cu5e4jl\JumpListsView.exe,2022-12-07 07:49:28
C:\Users\User\AppData\Local\Temp\tmp5cu5e4jl\LastActivityView.exe,2022-12-07 07:49:28
C:\Users\User\AppData\Local\Temp\tmp5cu5e4jl\ShellBagsView.exe,2022-12-07 07:49:28
C:\Users\User\AppData\Local\Temp\tmp5cu5e4jl\RecentFilesView.exe,2022-12-07 07:49:28
C:\Users\User\AppData\Local\Temp\tmp5cu5e4jl\OutlookAttachView.exe,2022-12-07 07:49:28
C:\Users\User\AppData\Local\Temp\tmp5cu5e4jl\BrowserDownloadsView.exe,2022-12-07 07:49:28
C:\Users\User\AppData\Local\Temp\tmp5cu5e4jl\OpenSaveFilesView.exe,2022-12-07 07:49:28
C:\Users\User\AppData\Local\Temp\tmp0co7553p\USBDeview.exe,2022-12-07 07:32:40
C:\Users\User\AppData\Local\Temp\tmp0co7553p\UserProfilesView.exe,2022-12-07 07:32:40
C:\Users\User\AppData\Local\Temp\tmp0co7553p\WebBrowserBookmarksView.exe,2022-12-07 07:32:40
C:\Users\User\AppData\Local\Temp\tmp0co7553p\NetworkInterfacesView.exe,2022-12-07 07:32:40
C:\Users\User\AppData\Local\Temp\tmp0co7553p\RBCmd.exe,2022-12-07 07:32:40
C:\Users\User\AppData\Local\Temp\tmp0co7553p\BrowsingHistoryView.exe,2022-12-07 07:32:40
C:\Users\User\AppData\Local\Temp\tmp0co7553p\shman.exe,2022-12-07 07:32:40
C:\Users\User\AppData\Local\Temp\tmp0co7553p\UserAssistView.exe,2022-12-07 07:32:40
C:\Users\User\AppData\Local\Temp\tmp0co7553p\AppCompatCacheParser.exe,2022-12-07 07:32:40
C:\Users\User\AppData\Local\Temp\tmp0co7553p\PECmd.exe,2022-12-07 07:32:40
C:\Users\User\AppData\Local\Temp\tmp0co7553p\JumpListsView.exe,2022-12-07 07:32:40
C:\Users\User\AppData\Local\Temp\tmp0co7553p\LastActivityView.exe,2022-12-07 07:32:40
C:\Users\User\AppData\Local\Temp\tmp0co7553p\ShellBagsView.exe,2022-12-07 07:32:40
C:\Users\User\AppData\Local\Temp\tmp0co7553p\RecentFilesView.exe,2022-12-07 07:32:40
C:\Users\User\AppData\Local\Temp\tmp0co7553p\OutlookAttachView.exe,2022-12-07 07:32:40
C:\Users\User\AppData\Local\Temp\tmp0co7553p\BrowserDownloadsView.exe,2022-12-07 07:32:40
C:\Users\User\AppData\Local\Temp\tmp0co7553p\OpenSaveFilesView.exe,2022-12-07 07:32:40
C:\Windows\System32\GameBarPresenceWriter.exe,2022-06-19 08:49:47
D:\Riot Games\League of Legends\LeagueCrashHandler.exe,2022-12-07 07:28:03
D:\Riot Games\League of Legends\LeagueClientUxRender.exe,2022-12-07 07:28:03
D:\Riot Games\League of Legends\LeagueClientUx.exe,2022-12-07 07:28:03
D:\Riot Games\League of Legends\LeagueClient.exe,2022-12-07 07:28:03
C:\Users\User\AppData\Local\Temp\tmpp5usi1bl\USBDeview.exe,2022-12-07 07:26:00
C:\Users\User\AppData\Local\Temp\tmpp5usi1bl\UserProfilesView.exe,2022-12-07 07:26:00
C:\Users\User\AppData\Local\Temp\tmpp5usi1bl\WebBrowserBookmarksView.exe,2022-12-07 07:26:00
C:\Users\User\AppData\Local\Temp\tmpp5usi1bl\NetworkInterfacesView.exe,2022-12-07 07:25:59
C:\Users\User\AppData\Local\Temp\tmpp5usi1bl\RBCmd.exe,2022-12-07 07:25:59
C:\Users\User\AppData\Local\Temp\tmpp5usi1bl\BrowsingHistoryView.exe,2022-12-07 07:25:59
C:\Users\User\AppData\Local\Temp\tmpp5usi1bl\shman.exe,2022-12-07 07:25:59
C:\Users\User\AppData\Local\Temp\tmpp5usi1bl\UserAssistView.exe,2022-12-07 07:26:00
C:\Users\User\AppData\Local\Temp\tmpp5usi1bl\AppCompatCacheParser.exe,2022-12-07 07:25:59
D:\Riot Games\Riot Client\UX\RiotClientUxRender.exe,2022-12-07 07:27:51
D:\Riot Games\Riot Client\UX\RiotClientUx.exe,2022-12-07 07:27:51
D:\Riot Games\Riot Client\RiotClientCrashHandler.exe,2021-10-07 12:02:30
C:\Users\User\AppData\Local\Temp\tmpp5usi1bl\PECmd.exe,2022-12-07 07:25:59
C:\Users\User\AppData\Local\Temp\tmpp5usi1bl\JumpListsView.exe,2022-12-07 07:25:59
C:\Users\User\AppData\Local\Temp\tmpp5usi1bl\LastActivityView.exe,2022-12-07 07:25:59
C:\Users\User\AppData\Local\Temp\tmpp5usi1bl\ShellBagsView.exe,2022-12-07 07:25:59
C:\Users\User\AppData\Local\Temp\tmpp5usi1bl\RecentFilesView.exe,2022-12-07 07:25:59
C:\Users\User\AppData\Local\Temp\tmpp5usi1bl\OutlookAttachView.exe,2022-12-07 07:25:59
C:\Users\User\AppData\Local\Temp\tmpp5usi1bl\BrowserDownloadsView.exe,2022-12-07 07:25:59
C:\Users\User\AppData\Local\Temp\tmpp5usi1bl\OpenSaveFilesView.exe,2022-12-07 07:25:59
C:\Windows\System32\SecurityHealthHost.exe,2022-10-14 11:25:53
C:\Program Files (x86)\TOBESOFT\XPLATFORM\SCH\XPlatform.exe,2021-10-07 23:55:09
C:\Program Files (x86)\Google\Update\Install\{D17C35B2-28EE-43FA-9278-A33B214BC896}\CR_FAA3E.tmp\setup.exe,2022-12-07 03:57:25
C:\Program Files (x86)\Google\Update\Install\{D17C35B2-28EE-43FA-9278-A33B214BC896}\108.0.5359.95_108.0.5359.94_chrome_updater.exe,2022-12-07 03:57:24
C:\Users\User\AppData\Local\Temp\nse1C6F.tmp\old-uninstaller.exe,2022-11-24 05:50:56
C:\Users\User\AppData\Local\opgg-electron-app-updater\pending\OP.GG Setup 1.1.3.exe,2022-12-07 03:50:23
C:\Users\User\AppData\Local\Temp\437AA29A-C331-44DF-BEAA-9257AEB0DE36\dismhost.exe,2021-01-16 01:50:29
C:\Program Files\Common Files\microsoft shared\ink\TabTip.exe,2021-01-16 01:51:04
0000000b	006c000005b6002a	000a00004a610000	8664	Microsoft.MicrosoftEdge.Stable	8wekyb3d8bbwe	,
C:\Program Files (x86)\Microsoft\Edge\Application\108.0.1462.42\identity_helper.exe,2022-12-05 06:56:17
C:\Program Files (x86)\Microsoft\Edge\Application\108.0.1462.42\Installer\setup.exe,2022-12-06 15:57:00
C:\Program Files (x86)\Microsoft\Edge\Application\108.0.1462.42\elevation_service.exe,2022-12-05 06:55:40
C:\Program Files (x86)\Microsoft\EdgeUpdate\Install\{714D60EC-34B9-4D74-BF27-9EB84E5407AD}\EDGEMITMP_52048.tmp\setup.exe,2022-12-06 15:57:00
C:\Program Files (x86)\Microsoft\EdgeUpdate\Install\{714D60EC-34B9-4D74-BF27-9EB84E5407AD}\MicrosoftEdge_X64_108.0.1462.42.exe,2022-12-06 15:56:56
C:\Users\User\AppData\Local\Programs\Microsoft VS Code\Code.exe,2022-12-05 08:07:56
00000009	56c20579000a0000	000a00004a650000	8664	Microsoft.WindowsStore	8wekyb3d8bbwe	,
C:\Program Files\WindowsApps\Microsoft.WindowsStore_22210.1401.10.0_x64__8wekyb3d8bbwe\Application,2022-12-06 07:36:33
00000009	56c20579000a0000	000a0000585d0000	8664	Microsoft.WindowsStore	8wekyb3d8bbwe	,
C:\Users\User\AppData\Local\Temp\2E5EE3F7-9ADE-4D36-85BD-DA585333C76E\dismhost.exe,2021-01-16 01:50:29
C:\Windows\SysWOW64\WindowsPowerShell\v1.0\powershell.exe,2020-10-16 04:37:28
C:\Users\User\AppData\Local\Temp\DC1E6323-136B-45B6-8113-D56E68C82A57\dismhost.exe,2021-01-16 01:50:29
C:\Users\User\AppData\Local\Temp\2EE48723-0126-4D54-B665-ADA51A37B16A\dismhost.exe,2021-01-16 01:50:29
C:\Program Files\Google\Chrome\Application\108.0.5359.94\elevation_service.exe,2022-12-02 00:07:20
C:\Program Files\Google\Chrome\Application\108.0.5359.94\Installer\setup.exe,2022-12-03 09:42:17
C:\ProgramData\Samsung Apps\Portable SSD\SamsungPortableSSDMon.exe,2022-10-03 06:36:21
C:\Program Files (x86)\ESTsoft\Common\ALSTSCollector.exe,2022-10-21 07:40:08
C:\Program Files (x86)\Google\Update\Install\{C3991BFA-A56A-40A4-8E0E-BA65ABB633CF}\CR_D27C9.tmp\setup.exe,2022-12-03 09:42:17
C:\Program Files (x86)\Google\Update\Install\{C3991BFA-A56A-40A4-8E0E-BA65ABB633CF}\108.0.5359.94_107.0.5304.123_chrome_updater.exe,2022-12-03 09:42:16
C:\Users\User\AppData\Local\Temp\86275228-35BF-4FB9-B216-3B854D1D13EE\dismhost.exe,2021-01-16 01:50:29
C:\Program Files\AhnLab\V3Lite40\PScan.exe,2022-08-11 00:43:00
C:\Program Files (x86)\Internet Explorer\IELowutil.exe,2019-12-07 09:10:00
C:\Program Files (x86)\IPinside_LWS\I3GInit.exe,2021-10-07 11:39:34
C:\Program Files (x86)\IPinside_LWS\I3GProc.exe,2021-10-07 11:39:34
C:\Program Files (x86)\iniLINE\CrossEX\crossex\CrossEXService.exe,2019-08-07 05:57:18
C:\Users\User\AppData\Roaming\Naver\NLiveConnector\NLiveConnector.exe,2022-05-16 00:48:12
C:\Users\User\AppData\Roaming\Naver\NLiveConnector\NLiveConnectorUpgrader.exe,2022-05-16 00:48:14
C:\Users\User\AppData\Roaming\Naver\NLiveConnector\NLiveConnectorLauncher.exe,2022-05-16 01:03:56
C:\Program Files\Sublime Text\sublime_text.exe,2021-12-22 02:33:16
C:\Users\User\Downloads\NLiveConnectorSetup.exe,2022-12-02 16:04:10
C:\Users\User\AppData\Local\Temp\196D06C7-7B15-4D70-A3BD-CC64692425B4\dismhost.exe,2021-01-16 01:50:29
C:\Program Files\NVIDIA Corporation\NVIDIA Geforce Experience\NVIDIA Notification.exe,2021-06-15 05:00:32
C:\Program Files\Google\Chrome\Application\107.0.5304.123\elevation_service.exe,2022-11-24 00:16:32
C:\Program Files\Google\Chrome\Application\107.0.5304.123\Installer\setup.exe,2022-12-02 04:39:17
C:\Program Files (x86)\Google\Update\1.3.36.152\GoogleUpdateOnDemand.exe,2022-09-01 03:57:26
C:\Program Files\AhnLab\V3Lite40\V3TNoti.exe,2021-07-22 08:04:31
C:\Program Files\WindowsApps\Microsoft.549981C3F5F10_4.2204.13303.0_x64__8wekyb3d8bbwe\Application,2022-06-08 11:51:35
C:\Program Files\WindowsApps\Microsoft.549981C3F5F10_4.2204.13303.0_x64__8wekyb3d8bbwe\Win32Bridge.Server.exe,2022-06-08 11:51:31
00000009	0004089c33f70000	000a00004a610000	8664	Microsoft.549981C3F5F10	8wekyb3d8bbwe	,
C:\Program Files (x86)\Google\Update\Install\{F4221C77-FF9F-484F-8E75-B189F530B1ED}\CR_0317A.tmp\setup.exe,2022-12-02 04:39:17
C:\Program Files\Google\Chrome\Application\107.0.5304.122\Installer\setup.exe,2022-11-30 06:25:58
C:\Program Files (x86)\Google\Update\Install\{F4221C77-FF9F-484F-8E75-B189F530B1ED}\107.0.5304.123_107.0.5304.122_chrome_updater.exe,2022-12-02 04:39:16
C:\Windows\System32\mpnotify.exe,2019-12-07 09:08:19
C:\Program Files\Bandizip\updater.exe,2022-11-21 05:50:38
C:\Users\User\Desktop\output\DF_CAT_Tool.exe,2022-12-01 17:12:29
C:\Users\User\AppData\Local\Temp\tmpex7kf4ds\WebBrowserBookmarksView.exe,2022-12-01 17:13:09
C:\Users\User\AppData\Local\Temp\tmpex7kf4ds\OutlookAttachView.exe,2022-12-01 17:13:09
C:\Users\User\AppData\Local\Temp\tmpex7kf4ds\UserProfilesView.exe,2022-12-01 17:13:09
C:\Users\User\AppData\Local\Temp\tmpex7kf4ds\UserAssistView.exe,2022-12-01 17:13:09
C:\Users\User\AppData\Local\Temp\tmpex7kf4ds\ShellBagsView.exe,2022-12-01 17:13:09
C:\Users\User\AppData\Local\Temp\tmpex7kf4ds\NetworkInterfacesView.exe,2022-12-01 17:13:09
C:\Users\User\AppData\Local\Temp\tmpex7kf4ds\LastActivityView.exe,2022-12-01 17:13:09
C:\Users\User\AppData\Local\Temp\tmpex7kf4ds\JumpListsView.exe,2022-12-01 17:13:09
C:\Users\User\AppData\Local\Temp\tmpex7kf4ds\BrowsingHistoryView.exe,2022-12-01 17:13:09
C:\Users\User\AppData\Local\Temp\tmpex7kf4ds\BrowserDownloadsView.exe,2022-12-01 17:13:09
C:\Users\User\AppData\Local\Temp\tmpex7kf4ds\RBCmd.exe,2022-12-01 17:13:09
C:\Users\User\AppData\Local\Temp\tmpex7kf4ds\AppCompatCacheParser.exe,2022-12-01 17:13:09
C:\Users\User\AppData\Local\Temp\tmpex7kf4ds\shman.exe,2022-12-01 17:13:09
C:\Users\User\AppData\Local\Temp\tmpex7kf4ds\USBDeview.exe,2022-12-01 17:13:09
C:\Users\User\AppData\Local\Temp\tmpex7kf4ds\RecentFilesView.exe,2022-12-01 17:13:09
C:\Users\User\AppData\Local\Temp\tmpex7kf4ds\PECmd.exe,2022-12-01 17:13:09
C:\Users\User\AppData\Local\Temp\tmpex7kf4ds\OpenSaveFilesView.exe,2022-12-01 17:13:09
C:\Users\User\AppData\Local\Temp\tmpb4d5ylpe\WebBrowserBookmarksView.exe,2022-12-01 16:57:10
C:\Users\User\AppData\Local\Temp\tmpb4d5ylpe\OutlookAttachView.exe,2022-12-01 16:57:10
C:\Users\User\AppData\Local\Temp\tmpb4d5ylpe\UserProfilesView.exe,2022-12-01 16:57:10
C:\Users\User\AppData\Local\Temp\tmpb4d5ylpe\UserAssistView.exe,2022-12-01 16:57:10
C:\Users\User\AppData\Local\Temp\tmpb4d5ylpe\ShellBagsView.exe,2022-12-01 16:57:10
C:\Users\User\AppData\Local\Temp\tmpb4d5ylpe\NetworkInterfacesView.exe,2022-12-01 16:57:10
C:\Users\User\AppData\Local\Temp\tmpb4d5ylpe\LastActivityView.exe,2022-12-01 16:57:10
C:\Users\User\AppData\Local\Temp\tmpb4d5ylpe\JumpListsView.exe,2022-12-01 16:57:10
C:\Users\User\AppData\Local\Temp\tmpb4d5ylpe\BrowsingHistoryView.exe,2022-12-01 16:57:10
C:\Users\User\AppData\Local\Temp\tmpb4d5ylpe\BrowserDownloadsView.exe,2022-12-01 16:57:10
C:\Users\User\AppData\Local\Temp\tmpb4d5ylpe\RBCmd.exe,2022-12-01 16:57:10
C:\Users\User\AppData\Local\Temp\tmpb4d5ylpe\AppCompatCacheParser.exe,2022-12-01 16:57:10
C:\Users\User\AppData\Local\Temp\tmpb4d5ylpe\shman.exe,2022-12-01 16:57:10
C:\Users\User\AppData\Local\Temp\tmpb4d5ylpe\USBDeview.exe,2022-12-01 16:57:10
C:\Users\User\AppData\Local\Temp\tmpb4d5ylpe\RecentFilesView.exe,2022-12-01 16:57:10
C:\Users\User\AppData\Local\Temp\tmpb4d5ylpe\PECmd.exe,2022-12-01 16:57:10
C:\Users\User\AppData\Local\Temp\tmpb4d5ylpe\OpenSaveFilesView.exe,2022-12-01 16:57:10
C:\Users\User\AppData\Local\Temp\tmpf02g9kd6\WebBrowserBookmarksView.exe,2022-12-01 16:42:33
C:\Users\User\AppData\Local\Temp\tmpf02g9kd6\OutlookAttachView.exe,2022-12-01 16:42:33
C:\Users\User\AppData\Local\Temp\tmpf02g9kd6\UserProfilesView.exe,2022-12-01 16:42:33
C:\Users\User\AppData\Local\Temp\tmpf02g9kd6\UserAssistView.exe,2022-12-01 16:42:33
C:\Users\User\AppData\Local\Temp\tmpf02g9kd6\ShellBagsView.exe,2022-12-01 16:42:33
C:\Users\User\AppData\Local\Temp\tmpf02g9kd6\NetworkInterfacesView.exe,2022-12-01 16:42:33
C:\Users\User\AppData\Local\Temp\tmpf02g9kd6\LastActivityView.exe,2022-12-01 16:42:33
C:\Users\User\AppData\Local\Temp\tmpf02g9kd6\JumpListsView.exe,2022-12-01 16:42:33
C:\Users\User\AppData\Local\Temp\tmpf02g9kd6\BrowsingHistoryView.exe,2022-12-01 16:42:33
C:\Users\User\AppData\Local\Temp\tmpf02g9kd6\BrowserDownloadsView.exe,2022-12-01 16:42:33
C:\Users\User\AppData\Local\Temp\tmpf02g9kd6\RBCmd.exe,2022-12-01 16:42:33
C:\Users\User\AppData\Local\Temp\tmpf02g9kd6\AppCompatCacheParser.exe,2022-12-01 16:42:33
C:\Users\User\AppData\Local\Temp\tmpf02g9kd6\shman.exe,2022-12-01 16:42:33
C:\Users\User\AppData\Local\Temp\tmpf02g9kd6\USBDeview.exe,2022-12-01 16:42:33
C:\Users\User\AppData\Local\Temp\tmpf02g9kd6\RecentFilesView.exe,2022-12-01 16:42:33
C:\Users\User\AppData\Local\Temp\tmpf02g9kd6\PECmd.exe,2022-12-01 16:42:33
C:\Users\User\AppData\Local\Temp\tmpf02g9kd6\OpenSaveFilesView.exe,2022-12-01 16:42:33
C:\Users\User\AppData\Local\Temp\tmpgggs_ezv\PECmd.exe,2022-12-01 16:37:54
C:\Users\User\AppData\Local\Temp\tmpjv520dof\OpenSaveFilesView.exe,2022-12-01 16:33:09
C:\Windows\system32\taskmgr.exe,2021-09-16 23:43:52
C:\Users\User\AppData\Local\Temp\tmp3q4zao2j\OpenSaveFilesView.exe,2022-12-01 16:25:36
C:\Program Files\AhnLab\V3Lite40\v3lite4.exe,2022-08-31 22:05:00
C:\Program Files\AhnLab\V3Lite40\MUpdate2\Update\autoup.exe,2022-12-08 01:02:00
C:\Bitnami\wampstack-8.0.13-0\servicerun.bat,2021-11-25 14:46:34
C:\Bitnami\wampstack-8.0.13-0\use_wampstack.bat,2021-11-25 14:47:16
00000000	000f005b0d4c0000	000a000047ba0000	014c	Microsoft.SkypeApp	kzf8qxf38zg5c	,
C:\Program Files\WindowsApps\Microsoft.Wallet_2.4.18324.0_x64__8wekyb3d8bbwe\Application,2021-10-07 10:14:22
00000009	000708a35dcc0000	000a000047ba0000	8664	Microsoft.Microsoft3DViewer	8wekyb3d8bbwe	,
C:\Program Files (x86)\Microsoft\EdgeWebView\Application\107.0.1418.62\msedgewebview2.exe,2022-11-27 11:53:57
C:\Windows\System32\SystemSettingsBroker.exe,2021-01-16 01:49:48
C:\Windows\system32\vssvc.exe,2022-06-19 08:49:31
C:\Windows\system32\srtasks.exe,2020-08-23 10:10:09
C:\Users\User\AppData\Local\Temp\1BFE377E-34BF-4BCD-B41E-D33FB8EEBCB2\dismhost.exe,2021-01-16 01:50:29
C:\Windows\system32\winsat.exe,2021-11-10 14:02:44
C:\Program Files\Common Files\Microsoft Shared\ClickToRun\OfficeC2RClient.exe,2022-12-13 01:07:24
C:\Windows\system32\wbem\unsecapp.exe,2021-11-10 14:02:06
C:\Program Files\AhnLab\V3Lite40\MUpdate2\Update\ars\v3restore.exe,2022-10-05 05:56:00
\\?\C:\Windows\system32\wbem\WMIADAP.EXE,2021-11-10 14:02:06
C:\Program Files (x86)\Microsoft\EdgeUpdate\Install\{3982D722-8AA1-4EC0-A5BB-20D6639D9A0C}\EDGEMITMP_AA99D.tmp\setup.exe,2022-12-01 02:26:49
C:\Program Files (x86)\Microsoft\EdgeUpdate\Install\{3982D722-8AA1-4EC0-A5BB-20D6639D9A0C}\MicrosoftEdge_X64_107.0.1418.62_107.0.1418.56.exe,2022-12-01 02:26:48
C:\Program Files\Realtek\Audio\HDA\FMAPP.exe,2018-01-17 19:44:20
C:\Program Files (x86)\Kakao\KakaoTalk\KakaoTalk.exe,2022-12-05 07:01:06
C:\Windows\system32\ImController.InfInstaller.exe,2022-01-28 11:04:18
C:\Program Files\WindowsApps\Microsoft.People_10.2105.4.0_x64__8wekyb3d8bbwe\Application,2021-10-07 10:14:24
00000009	000a083900040000	000a000045630000	8664	Microsoft.People	8wekyb3d8bbwe	,
C:\Program Files\AhnLab\V3Lite40\ASDCli.exe,2022-08-30 10:01:00
C:\Program Files\AhnLab\V3Lite40\ASDWsc.exe,2020-10-15 05:43:41
C:\Program Files\AhnLab\V3Lite40\AupASD.exe,2022-08-30 10:01:00
C:\Windows\SysWOW64\DllHost.exe,2020-10-16 04:36:58
C:\Users\User\AppData\Local\Temp\tmpoalx3vxn\WebBrowserBookmarksView.exe,2022-11-30 08:56:04
C:\Users\User\AppData\Local\Temp\tmpoalx3vxn\OutlookAttachView.exe,2022-11-30 08:56:04
C:\Users\User\AppData\Local\Temp\tmpoalx3vxn\UserProfilesView.exe,2022-11-30 08:56:04
C:\Users\User\AppData\Local\Temp\tmpoalx3vxn\UserAssistView.exe,2022-11-30 08:56:04
C:\Users\User\AppData\Local\Temp\tmpoalx3vxn\ShellBagsView.exe,2022-11-30 08:56:04
C:\Users\User\AppData\Local\Temp\tmpoalx3vxn\NetworkInterfacesView.exe,2022-11-30 08:56:04
C:\Users\User\AppData\Local\Temp\tmpoalx3vxn\LastActivityView.exe,2022-11-30 08:56:04
C:\Users\User\AppData\Local\Temp\tmpoalx3vxn\JumpListsView.exe,2022-11-30 08:56:04
C:\Users\User\AppData\Local\Temp\tmpoalx3vxn\BrowsingHistoryView.exe,2022-11-30 08:56:04
C:\Users\User\AppData\Local\Temp\tmpoalx3vxn\BrowserDownloadsView.exe,2022-11-30 08:56:04
C:\Users\User\AppData\Local\Temp\tmpoalx3vxn\RBCmd.exe,2022-11-30 08:56:04
C:\Users\User\AppData\Local\Temp\tmpoalx3vxn\AppCompatCacheParser.exe,2022-11-30 08:56:04
C:\Users\User\AppData\Local\Temp\tmpoalx3vxn\shman.exe,2022-11-30 08:56:04
C:\Users\User\AppData\Local\Temp\tmpoalx3vxn\USBDeview.exe,2022-11-30 08:56:04
C:\Users\User\AppData\Local\Temp\tmpoalx3vxn\RecentFilesView.exe,2022-11-30 08:56:04
C:\Users\User\AppData\Local\Temp\tmpoalx3vxn\PECmd.exe,2022-11-30 08:56:04
C:\Users\User\AppData\Local\Temp\tmpoalx3vxn\OpenSaveFilesView.exe,2022-11-30 08:56:04
C:\Users\User\AppData\Local\Temp\tmp2a7ny1xo\OpenSaveFilesView.exe,2022-11-30 08:52:28
C:\Users\User\AppData\Local\Temp\tmpkks_2c7r\PECmd.exe,2022-11-30 08:50:36
C:\Users\User\AppData\Local\Temp\tmpkks_2c7r\OpenSaveFilesView.exe,2022-11-30 08:50:36
\\?\C:\Windows\system32\conhost.exe,2022-03-09 10:13:16
C:\Windows\System32\wsl.exe,2022-03-09 10:13:36
C:\Program Files (x86)\KollusPlayer3\WebDlg.exe,2020-11-27 01:48:30
00000009	0004000f2bca0000	000a00004a610000	8664	Microsoft.MicrosoftSolitaireCollection	8wekyb3d8bbwe	,
C:\Windows\Microsoft.NET\Framework\v4.0.30319\mscorsvw.exe,2020-12-02 22:45:24
C:\Users\User\AppData\Local\Temp\2291AE09-D05D-4065-90DC-2B78A64E943D\dismhost.exe,2021-01-16 01:50:29
C:\Windows\Microsoft.NET\Framework64\v4.0.30319\mscorsvw.exe,2020-12-02 22:38:14
C:\Windows\system32\cleanmgr.exe,2021-10-07 14:32:18
C:\Windows\system32\dmclient.exe,2021-09-16 23:43:42
C:\Windows\system32\AppHostRegistrationVerifier.exe,2021-01-16 01:49:56
C:\Windows\SysWOW64\tdepend64.exe,2022-02-10 02:48:02
C:\Windows\SysWOW64\tdepend.exe,2022-02-10 02:48:06
C:\Program Files (x86)\KollusPlayer3\KollusAgent.exe,2022-05-16 01:07:16
C:\Program Files\Microsoft Office\Root\Office16\WINWORD.EXE,2022-12-13 01:10:18
C:\Windows\Lenovo\iMController\PluginHost\Lenovo.Modern.ImController.PluginHost.CompanionApp.exe,2022-01-28 11:04:38
C:\Windows\System32\wuapihost.exe,2022-11-10 12:40:00
C:\Windows\system32\MusNotificationUx.exe,2022-11-10 12:40:02
C:\Windows\system32\MusNotification.exe,2022-11-10 12:40:01
C:\Windows\SystemApps\ShellExperienceHost_cw5n1h2txyewy\Application,2022-08-30 16:12:37
C:\Program Files\NVIDIA Corporation\NvBackend\NvSHIM.exe,2021-06-09 14:19:49
C:\Program Files\AhnLab\V3Lite40\v3l4sp.exe,2022-08-31 22:11:00
C:\Program Files\Google\Chrome\Application\107.0.5304.122\elevation_service.exe,2022-11-23 22:47:14
C:\Program Files\AhnLab\V3Lite40\ArtHost.exe,2022-10-20 08:44:00
C:\Program Files (x86)\ESTsoft\ALUpdate\Alupdate.exe,2022-08-30 12:46:49
C:\Program Files (x86)\ESTsoft\ALCapture\ALCapture.exe,2022-11-07 08:57:54
C:\Program Files (x86)\Google\Update\Install\{034627DB-A779-430C-8D19-6C5E39E35822}\CR_6AACA.tmp\setup.exe,2022-11-30 06:25:58
C:\Program Files\Google\Chrome\Application\107.0.5304.121\Installer\setup.exe,2022-11-29 02:28:48
C:\Program Files (x86)\Google\Update\Install\{034627DB-A779-430C-8D19-6C5E39E35822}\107.0.5304.122_107.0.5304.121_chrome_updater.exe,2022-11-30 06:25:57
C:\Program Files\NVIDIA Corporation\Installer2\InstallerCore\SETUP.EXE,2020-06-24 07:47:17
C:\Program Files\AhnLab\V3Lite40\MUpdate2\MUpdate2.exe,2022-10-20 06:42:00
C:\Program Files\AhnLab\V3Lite40\MUpdate2\ASDTEMP\ASDUp.exe,2022-08-30 09:57:00
C:\Windows\SystemApps\NcsiUwpApp_8wekyb3d8bbwe\Application,2021-10-07 10:14:08
C:\Program Files\NVIDIA Corporation\NvBackend\NvTmRep.exe,2021-06-09 14:19:50
C:\Windows\System32\wsqmcons.exe,2022-05-11 04:27:38
C:\Program Files\AhnLab\V3Lite40\v3l4cli.exe,2022-08-09 01:54:00
C:\Program Files\AhnLab\V3Lite40\v3lite4exp.exe,2022-08-09 01:55:00
C:\ProgramData\Lenovo\ImController\Plugins\LenovoBatteryGaugePackage\x64\BGHelper.exe,2022-09-22 19:29:18
C:\Windows\SysWOW64\expand.exe,2019-12-07 09:09:26
C:\Windows\system32\expand.exe,2019-12-07 09:09:26
C:\Windows\Lenovo\iMController\PluginHost86\Lenovo.Modern.ImController.PluginHost.Device.exe,2022-01-28 11:05:22
C:\Program Files\NVIDIA Corporation\Update Core\NvProfileUpdater64.exe,2021-06-09 14:19:50
C:\Windows\system32\ApplicationFrameHost.exe,2021-01-16 01:50:13
C:\Windows\ImmersiveControlPanel\SystemSettings.exe,2022-10-14 11:26:35
C:\Windows\System32\reg.exe,2019-12-07 09:09:33
C:\Program Files\Realtek\Audio\HDA\RAVCpl64.exe,2018-01-17 19:44:44
C:\Windows\System32\SecurityHealthSystray.exe,2019-12-07 09:08:41
C:\Windows\System32\mobsync.exe,2019-12-07 09:09:47
C:\Program Files (x86)\NVIDIA Corporation\NvNode\NVIDIA Web Helper.exe,2021-06-09 14:20:08
C:\Program Files (x86)\NVIDIA Corporation\NvNode\nvnodejslauncher.exe,2021-06-09 14:20:20
C:\Program Files\NVIDIA Corporation\NvContainer\nvcontainer.exe,2021-05-04 07:49:23
C:\Windows\system32\netsh.exe,2019-12-07 09:09:33
C:\Program Files (x86)\Google\Update\GoogleUpdate.exe,2021-10-07 10:16:13
C:\Program Files\Bandizip\Bandizip.exe,2022-11-21 05:50:21
C:\Windows\SysWOW64\schtasks.exe,2022-02-09 12:10:48
C:\Users\User\AppData\Local\Temp\tmp2dgnhuo5\WebBrowserBookmarksView.exe,2022-11-29 13:48:12
C:\Users\User\AppData\Local\Temp\tmp2dgnhuo5\OutlookAttachView.exe,2022-11-29 13:48:12
C:\Users\User\AppData\Local\Temp\tmp2dgnhuo5\UserProfilesView.exe,2022-11-29 13:48:12
C:\Users\User\AppData\Local\Temp\tmp2dgnhuo5\UserAssistView.exe,2022-11-29 13:48:12
C:\Users\User\AppData\Local\Temp\tmp2dgnhuo5\ShellBagsView.exe,2022-11-29 13:48:12
C:\Users\User\AppData\Local\Temp\tmp2dgnhuo5\NetworkInterfacesView.exe,2022-11-29 13:48:12
C:\Users\User\AppData\Local\Temp\tmp2dgnhuo5\LastActivityView.exe,2022-11-29 13:48:12
C:\Users\User\AppData\Local\Temp\tmp2dgnhuo5\JumpListsView.exe,2022-11-29 13:48:12
C:\Users\User\AppData\Local\Temp\tmp2dgnhuo5\BrowsingHistoryView.exe,2022-11-29 13:48:12
C:\Users\User\AppData\Local\Temp\tmp2dgnhuo5\BrowserDownloadsView.exe,2022-11-29 13:48:12
C:\Users\User\AppData\Local\Temp\tmp2dgnhuo5\RBCmd.exe,2022-11-29 13:48:12
C:\Users\User\AppData\Local\Temp\tmp2dgnhuo5\AppCompatCacheParser.exe,2022-11-29 13:48:12
C:\Users\User\AppData\Local\Temp\tmp2dgnhuo5\shman.exe,2022-11-29 13:48:12
C:\Users\User\AppData\Local\Temp\tmp2dgnhuo5\USBDeview.exe,2022-11-29 13:48:12
C:\Users\User\AppData\Local\Temp\tmp2dgnhuo5\RecentFilesView.exe,2022-11-29 13:48:12
C:\Windows\SysWOW64\mountvol.exe,2019-12-07 09:09:57
C:\Windows\System32\mountvol.exe,2019-12-07 09:09:57
C:\Windows\SysWOW64\certutil.exe,2022-10-14 11:26:28
C:\Windows\System32\certutil.exe,2022-10-14 11:26:28
C:\Users\User\AppData\Local\Temp\tmp2dgnhuo5\PECmd.exe,2022-11-29 13:48:12
C:\Users\User\AppData\Local\Temp\tmp2dgnhuo5\OpenSaveFilesView.exe,2022-11-29 13:48:12
C:\Users\User\AppData\Local\Temp\tmp4n1k4g_k\PECmd.exe,2022-11-29 13:47:24
C:\Users\User\AppData\Local\Temp\tmp4n1k4g_k\OpenSaveFilesView.exe,2022-11-29 13:47:24
C:\Program Files\Google\Chrome\Application\chrome.exe,2022-12-12 21:47:12
0000000b	000a00004a6103ff	000a000000000000	8664	Microsoft.LockApp	cw5n1h2txyewy	,
0000000b	006b0000058a003e	000a00004a610000	8664	Microsoft.MicrosoftEdge.Stable	8wekyb3d8bbwe	,
c:\Users\User\AppData\Local\Programs\Microsoft VS Code\resources\app\node_modules.asar.unpacked\@vscode\ripgrep\bin\rg.exe,2022-12-05 08:07:22
C:\Users\User\AppData\Local\Temp\tmptg03l0rj\PECmd.exe,2022-11-29 13:40:57
C:\Users\User\AppData\Local\Temp\tmptg03l0rj\OpenSaveFilesView.exe,2022-11-29 13:40:57
C:\Users\User\AppData\Local\Temp\tmpgosw671k\PECmd.exe,2022-11-29 13:38:34
C:\Users\User\AppData\Local\Temp\tmpzo3cv3hd\shman.exe,2022-11-29 13:31:57
C:\Users\User\AppData\Local\Temp\tmpzo3cv3hd\USBDeview.exe,2022-11-29 13:31:57
C:\Users\User\AppData\Local\Temp\tmpzo3cv3hd\RecentFilesView.exe,2022-11-29 13:31:57
C:\Users\User\AppData\Local\Temp\tmpzo3cv3hd\PECmd.exe,2022-11-29 13:31:57
C:\Users\User\AppData\Local\Temp\tmpzo3cv3hd\OpenSaveFilesView.exe,2022-11-29 13:31:57
C:\Program Files (x86)\Microsoft\Edge\Application\107.0.1418.62\identity_helper.exe,2022-11-27 11:53:44
C:\Program Files (x86)\Microsoft\Edge\Application\107.0.1418.62\Installer\setup.exe,2022-11-29 12:57:06
C:\Program Files (x86)\Microsoft\Edge\Application\107.0.1418.62\elevation_service.exe,2022-11-27 11:53:31
C:\Program Files\Git\mingw64\libexec\git-core\git.exe,2022-02-01 06:47:52
C:\Program Files\Git\mingw64\bin\git.exe,2022-02-01 06:47:52
C:\Program Files\Git\cmd\git.exe,2022-02-01 06:47:52
C:\Users\User\AppData\Local\Temp\tmp__83cnsd\WebBrowserBookmarksView.exe,2022-11-29 13:24:28
C:\Users\User\AppData\Local\Temp\tmp__83cnsd\OutlookAttachView.exe,2022-11-29 13:24:28
C:\Users\User\AppData\Local\Temp\tmp__83cnsd\UserProfilesView.exe,2022-11-29 13:24:28
C:\Users\User\AppData\Local\Temp\tmpfjjma3qv\UserProfilesView.exe,2022-11-29 13:21:29
C:\Users\User\AppData\Local\Temp\tmp3ssei_37\UserProfilesView.exe,2022-11-29 13:20:12
C:\Users\User\AppData\Local\Temp\tmp3ssei_37\UserAssistView.exe,2022-11-29 13:20:12
C:\Users\User\AppData\Local\Temp\tmp3ssei_37\ShellBagsView.exe,2022-11-29 13:20:12
C:\Users\User\AppData\Local\Temp\tmp3ssei_37\NetworkInterfacesView.exe,2022-11-29 13:20:12
C:\Users\User\AppData\Local\Temp\tmp3ssei_37\LastActivityView.exe,2022-11-29 13:20:12
C:\Users\User\AppData\Local\Temp\tmp3ssei_37\JumpListsView.exe,2022-11-29 13:20:12
C:\Users\User\AppData\Local\Temp\tmpugc_dmfd\BrowsingHistoryView.exe,2022-11-29 13:18:35
C:\Users\User\AppData\Local\Temp\tmpvfo5figv\BrowsingHistoryView.exe,2022-11-29 13:17:41
C:\Users\User\AppData\Local\Temp\tmpoh4l03fl\BrowsingHistoryView.exe,2022-11-29 13:17:02
C:\Users\User\AppData\Local\Temp\tmph_fq5u93\BrowsingHistoryView.exe,2022-11-29 13:16:14
C:\Users\User\AppData\Local\Temp\tmpw6pfo034\BrowsingHistoryView.exe,2022-11-29 13:15:13
C:\Users\User\AppData\Local\Temp\tmpd69kdwjb\BrowsingHistoryView.exe,2022-11-29 13:14:16
C:\Users\User\AppData\Local\Temp\tmprkvm2spf\BrowsingHistoryView.exe,2022-11-29 13:13:44
C:\Users\User\AppData\Local\Temp\tmpegjkqym9\BrowsingHistoryView.exe,2022-11-29 13:13:21
C:\Users\User\AppData\Local\Temp\tmphohlvvzr\BrowsingHistoryView.exe,2022-11-29 13:07:27
C:\Program Files (x86)\Microsoft\EdgeUpdate\Install\{90167CDD-7552-43D7-A0D0-072B72CFC8CD}\EDGEMITMP_06BC8.tmp\setup.exe,2022-11-29 12:57:06
C:\Program Files (x86)\Microsoft\EdgeUpdate\Install\{90167CDD-7552-43D7-A0D0-072B72CFC8CD}\MicrosoftEdge_X64_107.0.1418.62_107.0.1418.56.exe,2022-11-29 12:57:05
C:\Users\User\AppData\Local\Temp\tmpkr_cwy_m\BrowsingHistoryView.exe,2022-11-29 10:37:48
C:\Users\User\AppData\Local\Temp\tmp_96x0frr\BrowsingHistoryView.exe,2022-11-29 10:37:29
C:\Users\User\AppData\Local\Temp\tmpzwi0w8ma\BrowsingHistoryView.exe,2022-11-29 10:36:25
C:\Users\User\AppData\Local\Temp\tmp5w2g1bux\BrowsingHistoryView.exe,2022-11-29 10:35:45
C:\Users\User\AppData\Local\Temp\tmp5w2g1bux\BrowserDownloadsView.exe,2022-11-29 10:35:45
C:\Users\User\AppData\Local\Temp\tmpjeltd61w\BrowserDownloadsView.exe,2022-11-29 10:34:16
C:\Users\User\AppData\Local\Temp\tmpuqtci4fz\RBCmd.exe,2022-11-29 10:33:40
C:\Users\User\AppData\Local\Temp\tmpjw89_cla\RBCmd.exe,2022-11-29 10:32:01
C:\Users\User\AppData\Local\Temp\tmpj_xa29p5\RBCmd.exe,2022-11-29 10:31:23
C:\Users\User\AppData\Local\Temp\tmpcsqz7q90\RBCmd.exe,2022-11-29 10:16:49
C:\Users\User\AppData\Local\Temp\tmpsvn2n2t5\RBCmd.exe,2022-11-29 10:12:45
C:\Windows\System32\conhost.exe,2022-03-09 10:13:16
C:\Users\User\AppData\Local\Temp\tmpsvn2n2t5\AppCompatCacheParser.exe,2022-11-29 10:12:45
C:\Users\User\AppData\Local\Temp\tmpsvn2n2t5\PECmd.exe,2022-11-29 10:12:45
C:\Users\User\AppData\Local\Temp\tmp6wq330hl\USBDeview.exe,2022-11-29 10:11:08
C:\Users\User\AppData\Local\Temp\tmpou3y3ejt\USBDeview.exe,2022-11-29 10:07:28
C:\Users\User\AppData\Local\Temp\tmpqx6ccq4x\AppCompatCacheParser.exe,2022-11-29 08:33:17
C:\Users\User\AppData\Local\Temp\tmp1tv_haxq\AppCompatCacheParser.exe,2022-11-29 08:31:49
C:\Users\User\AppData\Local\Temp\tmp_gtr2qhs\AppCompatCacheParser.exe,2022-11-29 08:29:20
C:\Users\User\AppData\Local\Temp\tmpg_puroem\AppCompatCacheParser.exe,2022-11-29 08:28:28
C:\Windows\SysWOW64\RunDll32.EXE,2021-01-16 01:50:50
C:\Users\User\AppData\Local\Temp\0901802B-8E46-4FF1-A8AE-4FBE9C07821C\dismhost.exe,2021-01-16 01:50:29
C:\Program Files\Google\Chrome\Application\107.0.5304.121\elevation_service.exe,2022-11-23 21:27:37
C:\Program Files (x86)\Google\Update\Install\{85FECB61-8191-4CF6-8227-2D2EDB88ED14}\CR_11A50.tmp\setup.exe,2022-11-29 02:28:48
C:\Program Files\Google\Chrome\Application\107.0.5304.107\Installer\setup.exe,2022-11-11 13:03:48
C:\Program Files (x86)\Google\Update\Install\{85FECB61-8191-4CF6-8227-2D2EDB88ED14}\107.0.5304.121_107.0.5304.107_chrome_updater.exe,2022-11-29 02:28:48
C:\Windows\Teruten\TCube\TCubeObserver64.exe,2021-12-02 07:25:30
C:\Windows\Teruten\TCube\TCubeDummy64.exe,2021-12-02 07:23:36
C:\Users\User\AppData\Local\Temp\tmpgbhoppd5\PECmd.exe,2022-11-28 12:57:30
C:\Users\User\AppData\Local\Temp\tmpmi5ckis8\PECmd.exe,2022-11-28 12:44:04
C:\ProgramData\Lenovo\Vantage\Addins\LenovoSystemUpdateAddin\1.0.4.41\IA\local\collect\devices.exe,2022-10-31 07:55:36
C:\ProgramData\Lenovo\Vantage\Addins\LenovoSystemUpdateAddin\1.0.4.41\IA\local\collect\firmware.exe,2022-10-31 07:55:40
C:\Users\User\Desktop\tools\userprofilesview\UserProfilesView.exe,2022-11-28 07:59:57
C:\Users\User\Desktop\tools\userassistview\UserAssistView.exe,2022-11-28 07:59:57
C:\Users\User\Desktop\tools\shellbagsview\ShellBagsView.exe,2022-11-28 06:05:07
C:\Program Files\Microsoft Office\root\Office16\OUTLOOK.EXE,2022-11-16 13:44:43
C:\Program Files\Microsoft Office\root\Office16\MLCFG32.CPL,2022-11-05 14:19:42
C:\Program Files\Microsoft Office\root\Client\AppVLP.exe,2022-04-05 09:17:57
C:\Windows\system32\wscui.cpl,2021-07-10 08:26:58
C:\Windows\system32\irprops.cpl,2019-12-07 09:09:51
C:\Windows\system32\igfxCPL.cpl,2019-09-17 14:10:08
C:\Users\User\Desktop\tools\outlookattachview-x64\OutlookAttachView.exe,2022-11-28 07:59:57
C:\Users\User\Desktop\tools\networkinterfacesview-x64\NetworkInterfacesView.exe,2022-11-28 07:59:57
C:\Windows\System32\alg.exe,2021-01-16 01:50:08
C:\Users\User\Desktop\tools\lastactivityview\LastActivityView.exe,2022-11-28 07:59:57
C:\Users\User\Desktop\tools\jumplistsview\JumpListsView.exe,2022-11-28 07:59:57
C:\Windows\system32\OpenWith.exe,2021-01-16 01:50:28
C:\Users\User\Desktop\tools\browsinghistoryview-x64\BrowsingHistoryView.exe,2022-11-28 07:59:57
C:\Users\User\Desktop\tools\browserdownloadsview-x64\BrowserDownloadsView.exe,2022-11-28 07:59:57
C:\Users\User\Desktop\tools\webbrowserbookmarksview\WebBrowserBookmarksView.exe,2022-11-28 07:59:57
C:\Windows\winhlp32.exe,2019-12-07 09:10:00
C:\Windows\write.exe,2019-12-06 21:29:00
C:\Windows\splwow64.exe,2022-09-15 04:17:57
C:\Windows\regedit.exe,2021-01-16 01:51:02
C:\Windows\pyw.exe,2021-10-04 10:12:20
C:\Windows\notepad.exe,2022-08-30 15:54:39
C:\Windows\py.exe,2021-10-04 10:12:20
C:\Windows\IMGSF50Svc.exe,2020-12-11 00:00:14
C:\Program Files (x86)\VMware\VMware Workstation\vmware-shell-ext-thunker.exe,2021-04-29 20:23:10
C:\Windows\System32\whoami.exe,2019-12-07 09:09:51
C:\Windows\system32\notepad.exe,2022-08-30 15:54:39
C:\Users\User\Desktop\tools\WxTCmd.exe,2022-11-28 07:59:57
C:\Users\User\Desktop\tools\thumbcache_viewer_cmd.exe,2022-11-28 07:59:57
C:\Users\User\Desktop\tools\RBCmd.exe,2022-11-28 07:59:57
C:\Users\User\Desktop\tools\AppCompatCacheParser.exe,2022-11-28 07:59:57
C:\Users\User\Desktop\tools\AmcacheParser.exe,2022-11-28 07:59:57
C:\Users\User\AppData\Local\Temp\tmp7yq_xgip\shman.exe,2022-11-28 05:59:41
C:\Users\User\AppData\Local\Temp\tmp266tb7e3\shman.exe,2022-11-28 05:59:39
C:\Users\User\AppData\Local\Temp\tmpsaicd288\shman.exe,2022-11-28 05:58:58
C:\Users\User\AppData\Local\Temp\tmplo1_apnz\shman.exe,2022-11-28 05:58:20
C:\Users\User\AppData\Local\Temp\1C76D9C2-5A42-4C2C-B579-C74A6DE06281\dismhost.exe,2021-01-16 01:50:29
C:\Windows\system32\lpremove.exe,2020-08-23 10:09:28
C:\Program Files\WindowsApps\SpotifyAB.SpotifyMusic_1.199.878.0_x86__zpdnekdrzrea0\Application,2022-11-27 05:57:22
00000000	000100c7036e0000	000a00004a610000	014c	SpotifyAB.SpotifyMusic	zpdnekdrzrea0	,
00000000	000100c7036e0000	000a00004a610000	8664	SpotifyAB.SpotifyMusic	zpdnekdrzrea0	,
C:\Users\User\AppData\Local\Temp\50ADB5E0-AE8A-4DAC-A8B8-17FC3B846B46\dismhost.exe,2021-01-16 01:50:29
C:\Users\User\AppData\Local\Temp\F4D74E0E-2F19-4A58-9D7B-2FD03015BEDD\dismhost.exe,2021-01-16 01:50:29
C:\Users\User\AppData\Local\Temp\dbeaver-ce-latest-x86_64-setup.exe15532366945632226030\dbeaver-ce-latest-x86_64-setup.exe,2022-11-25 13:56:28
C:\Program Files\Wireshark\Wireshark.exe,2022-05-05 01:42:06
C:\Users\User\AppData\Local\Temp\B8C0DBBE-3CC6-48B9-8AEC-931B4A8E259B\dismhost.exe,2021-01-16 01:50:29
C:\Windows\system32\usoclient.exe,2022-11-10 12:40:01
C:\Windows\System32\oobe\UserOOBEBroker.exe,2021-01-16 01:50:25
C:\Windows\System32\CompPkgSrv.exe,2021-01-16 01:49:46
C:\Windows\SystemApps\MicrosoftWindows.Client.CBS_cw5n1h2txyewy\Application,2022-06-19 09:02:06
C:\Windows\SystemApps\Microsoft.Windows.StartMenuExperienceHost_cw5n1h2txyewy\Application,2022-11-10 16:00:44
C:\Windows\system32\ctfmon.exe,2019-12-07 09:09:00
C:\Windows\System32\WindowsPowerShell\v1.0\powershell.exe,2020-10-16 04:37:28
C:\Windows\Lenovo\iMController\PluginHost\Lenovo.Modern.ImController.PluginHost.Device.exe,2022-01-28 11:04:42
0000000b	000a0000000203e8	000a00004a6103ff	8664	windows.immersivecontrolpanel	cw5n1h2txyewy	neutral,
C:\Windows\System32\DriverStore\FileRepository\igdlh64.inf_amd64_e9f7884f9b4f82b9\GfxDownloadWrapper.exe,2019-09-17 14:09:56
C:\Windows\System32\wlrmdr.exe,2021-01-16 01:49:53
C:\Windows\SystemApps\Microsoft.Windows.Search_cw5n1h2txyewy\Application,2022-11-10 16:00:44
C:\Windows\Explorer.EXE,2022-11-10 12:39:03
C:\Windows\system32\userinit.exe,2022-06-19 08:49:35
C:\Program Files (x86)\Google\Update\1.3.36.152\GoogleCrashHandler64.exe,2022-09-01 03:57:26
C:\Program Files (x86)\Google\Update\1.3.36.152\GoogleCrashHandler.exe,2022-09-01 03:57:26
C:\Program Files\Elantech\ETDIntelligent.exe,2017-11-08 12:32:38
C:\Windows\system32\sihost.exe,2021-01-16 01:50:03
C:\Program Files\Elantech\ETDCtrlHelper.exe,2017-11-08 12:32:28
C:\Program Files\Realtek\Audio\HDA\RAVBg64.exe,2018-01-17 19:44:40
C:\Program Files\Elantech\ETDCtrl.exe,2017-11-08 12:32:24
C:\Program Files\NVIDIA Corporation\Display.NvContainer\NVDisplay.Container.exe,2020-06-21 22:01:24
C:\Windows\System32\LogonUI.exe,2019-12-07 09:08:19
C:\Program Files (x86)\Microsoft\Edge\Application\msedge.exe,2022-12-08 12:19:52
C:\Users\User\AppData\Roaming\Zoom\bin\cpthost.exe,2022-11-17 04:07:07
C:\Users\User\AppData\Local\Temp\tmprird57fa\shman.exe,2022-11-24 11:14:22
C:\Users\User\AppData\Local\Temp\tmp89jr6vr6\shman.exe,2022-11-24 11:14:00
C:\Users\User\AppData\Local\Temp\tmp2vneu2cd\shman.exe,2022-11-24 11:13:28
C:\Users\User\AppData\Local\Temp\tmprvecr1rm\shman.exe,2022-11-24 11:12:30
C:\Users\User\AppData\Local\Temp\tmppxs0yf0o\shman.exe,2022-11-24 11:12:11
C:\Users\User\AppData\Local\Temp\tmplwrz6ate\shman.exe,2022-11-24 11:00:51
C:\Users\User\AppData\Local\Temp\tmpjr8y_nsh\shman.exe,2022-11-24 11:00:21
C:\Users\User\AppData\Local\Temp\tmp_qo7gwc4\shman.exe,2022-11-24 11:00:02
C:\Windows\System32\LocationNotificationWindows.exe,2019-12-07 09:09:44
C:\Users\User\AppData\Local\Temp\tmpfvvvx4ve\shman.exe,2022-11-24 10:59:36
C:\Users\User\AppData\Local\Temp\tmp1i8pr_kh\shman.exe,2022-11-24 10:58:57
00000009	0001564c00d60000	000a000047ba0000	8664	Microsoft.YourPhone	8wekyb3d8bbwe	,
C:\Program Files\WindowsApps\Microsoft.YourPhone_1.22092.214.0_x64__8wekyb3d8bbwe\PhoneExperienceHost.exe,2022-11-24 06:48:38
C:\Users\User\AppData\Local\Temp\tmp1dh22p64\shman.exe,2022-11-24 10:53:54
C:\Users\User\AppData\Local\Temp\tmpo3lgdqli\shman.exe,2022-11-24 10:53:27
C:\Users\User\AppData\Local\Temp\tmp4v4uutkt\shman.exe,2022-11-24 10:52:57
C:\Users\User\AppData\Local\Temp\tmpecu2vkih\shman.exe,2022-11-24 10:52:30
C:\Users\User\AppData\Local\Temp\tmpndtuvq_g\shman.exe,2022-11-24 10:49:36
C:\Users\User\AppData\Local\Temp\tmpxkq6rzpu\shman.exe,2022-11-24 10:47:15
C:\Users\User\AppData\Local\Temp\tmp0_z05gk4\shman.exe,2022-11-24 10:46:08
C:\Users\User\AppData\Local\Temp\tmp6q52emal\shman.exe,2022-11-24 10:45:43
C:\Users\User\AppData\Local\Temp\tmp94wacf29\shman.exe,2022-11-24 10:45:27
C:\Users\User\AppData\Local\Temp\tmpx11ntzmf\shman.exe,2022-11-24 10:43:44
C:\Users\User\AppData\Local\Temp\tmp9yh3io1y\shman.exe,2022-11-24 10:42:37
C:\Users\User\AppData\Local\Temp\tmphs1mycvt\shman.exe,2022-11-24 10:41:52
