name,modified_time,path,real_path
Sublime Text,2021-10-07 오전 11:38:28,C:\Users\User\Desktop\Sublime Text.lnk,C:\Program Files\Sublime Text\sublime_text.exe
Visual Studio 2019,2021-10-07 오후 12:47:51,C:\Users\User\Desktop\Visual Studio 2019.lnk,C:\Program Files (x86)\Microsoft Visual Studio\2019\Community\Common7\IDE\devenv.exe
Visual Studio Code,2021-10-07 오후 12:27:23,C:\Users\User\Desktop\Visual Studio Code.lnk,C:\Users\User\AppData\Local\Programs\Microsoft VS Code\Code.exe
마우스 트레이서,2022-12-13 오후 1:00:32,C:\Users\User\Desktop\마우스 트레이서.lnk,C:\Program Files (x86)\MouseTracer\MouseTracer.exe
캘린더 목록,2022-09-07 오후 2:52:21,C:\Users\User\Desktop\캘린더 목록.lnk,C:\Users\User\AppData\Roaming\DesktopCal\desktopcal.exe
DFAS Pro DEMO,2022-12-11 오전 7:19:44,C:\Users\Public\Desktop\DFAS Pro DEMO.lnk,C:\Program Files (x86)\DOUZONE\DFAS Pro DEMO\DFASAnalyzerPRO.exe
League of Legends,2021-10-07 오후 12:03:46,C:\Users\Public\Desktop\League of Legends.lnk,D:\Riot Games\Riot Client\RiotClientServices.exe
OBS Studio,2021-10-30 오전 2:37:49,C:\Users\Public\Desktop\OBS Studio.lnk,C:\Program Files\obs-studio\bin\64bit\obs64.exe
VMware Workstation Pro,2021-10-07 오후 12:38:50,C:\Users\Public\Desktop\VMware Workstation Pro.lnk,C:\Program Files (x86)\VMware\VMware Workstation\vmware.exe
Xshell 7,2022-11-14 오전 11:27:26,C:\Users\Public\Desktop\Xshell 7.lnk,C:\Program Files (x86)\NetSarang\Xshell 7\Xshell.exe
다운로드 홈,2022-09-12 오후 12:01:46,C:\Users\Public\Desktop\다운로드 홈.lnk,C:\Program Files (x86)\KollusPlayer3\WebDlg.exe
MinGW Installation Manager,2022-05-27 오후 12:50:23,C:\Users\User\AppData\Roaming\Microsoft\Windows\Start Menu\MinGW Installation Manager.lnk,C:\MinGW\libexec\mingw-get\guimain.exe
Magnify,2019-12-07 오전 9:08:43,C:\Users\User\AppData\Roaming\Microsoft\Windows\Start Menu\Programs\Accessibility\Magnify.lnk,C:\Windows\system32\magnify.exe
Narrator,2019-12-07 오전 9:08:43,C:\Users\User\AppData\Roaming\Microsoft\Windows\Start Menu\Programs\Accessibility\Narrator.lnk,C:\Windows\system32\narrator.exe
On-Screen Keyboard,2019-12-07 오전 9:08:43,C:\Users\User\AppData\Roaming\Microsoft\Windows\Start Menu\Programs\Accessibility\On-Screen Keyboard.lnk,C:\Windows\system32\osk.exe
Internet Explorer,2021-10-06 오후 6:21:55,C:\Users\User\AppData\Roaming\Microsoft\Windows\Start Menu\Programs\Accessories\Internet Explorer.lnk,C:\Program Files\Internet Explorer\iexplore.exe
Chrome 원격 데스크톱,2022-09-14 오후 1:57:49,C:\Users\User\AppData\Roaming\Microsoft\Windows\Start Menu\Programs\Chrome 앱\Chrome 원격 데스크톱.lnk,C:\Program Files\Google\Chrome\Application\chrome_proxy.exe
DBeaver,2022-12-13 오전 1:54:11,C:\Users\User\AppData\Roaming\Microsoft\Windows\Start Menu\Programs\DBeaver Community\DBeaver.lnk,C:\Users\User\AppData\Local\DBeaver\dbeaver.exe
Uninstall,2022-12-13 오전 1:54:11,C:\Users\User\AppData\Roaming\Microsoft\Windows\Start Menu\Programs\DBeaver Community\Uninstall.lnk,C:\Users\User\AppData\Local\DBeaver\Uninstall.exe
Discord,2022-12-10 오후 1:12:52,C:\Users\User\AppData\Roaming\Microsoft\Windows\Start Menu\Programs\Discord Inc\Discord.lnk,C:\Users\User\AppData\Local\Discord\Update.exe
Event Log Explorer,2022-04-24 오후 6:01:50,C:\Users\User\AppData\Roaming\Microsoft\Windows\Start Menu\Programs\Event Log Explorer\Event Log Explorer.lnk,C:\Program Files (x86)\Event Log Explorer\elex.exe
JetBrains dotPeek 2021.3.3,2022-03-06 오후 12:25:04,C:\Users\User\AppData\Roaming\Microsoft\Windows\Start Menu\Programs\JetBrains\JetBrains dotPeek 2021.3.3.lnk,C:\Users\User\AppData\Local\JetBrains\Installations\dotPeek213\dotPeek64.exe
Microsoft Teams,2022-12-13 오전 1:35:20,C:\Users\User\AppData\Roaming\Microsoft\Windows\Start Menu\Programs\Microsoft Teams.lnk,C:\Users\User\AppData\Local\Microsoft\Teams\Update.exe
Notion,2022-01-27 오전 10:45:06,C:\Users\User\AppData\Roaming\Microsoft\Windows\Start Menu\Programs\Notion.lnk,C:\Users\User\AppData\Local\Programs\Notion\Notion.exe
OP.GG,2022-01-21 오후 12:04:26,C:\Users\User\AppData\Roaming\Microsoft\Windows\Start Menu\Programs\OP.GG.lnk,C:\Users\User\AppData\Local\Programs\OP.GG\OP.GG.exe
IDLE (Python 3.10 64-bit),2021-10-07 오후 12:30:20,C:\Users\User\AppData\Roaming\Microsoft\Windows\Start Menu\Programs\Python 3.10\IDLE (Python 3.10 64-bit).lnk,C:\Users\User\AppData\Local\Programs\Python\Python310\pythonw.exe
Python 3.10 (64-bit),2021-10-07 오후 12:30:04,C:\Users\User\AppData\Roaming\Microsoft\Windows\Start Menu\Programs\Python 3.10\Python 3.10 (64-bit).lnk,C:\Users\User\AppData\Local\Programs\Python\Python310\python.exe
Python 3.10 Manuals (64-bit),2021-10-07 오후 12:30:13,C:\Users\User\AppData\Roaming\Microsoft\Windows\Start Menu\Programs\Python 3.10\Python 3.10 Manuals (64-bit).lnk,C:\Windows\hh.exe
Python 3.10 Module Docs (64-bit),2021-10-07 오후 12:30:20,C:\Users\User\AppData\Roaming\Microsoft\Windows\Start Menu\Programs\Python 3.10\Python 3.10 Module Docs (64-bit).lnk,C:\Users\User\AppData\Local\Programs\Python\Python310\python.exe
Administrative Tools,2019-12-07 오전 9:08:13,C:\Users\User\AppData\Roaming\Microsoft\Windows\Start Menu\Programs\System Tools\Administrative Tools.lnk,C:\Windows\system32\control.exe
Command Prompt,2019-12-07 오전 9:08:34,C:\Users\User\AppData\Roaming\Microsoft\Windows\Start Menu\Programs\System Tools\Command Prompt.lnk,C:\Windows\system32\cmd.exe
JANDI,2022-06-30 오후 2:25:48,C:\Users\User\AppData\Roaming\Microsoft\Windows\Start Menu\Programs\Tosslab Inc\JANDI.lnk,C:\Users\User\AppData\Local\JandiApp\JandiApp.exe
Visual Studio Code,2022-12-16 오전 11:27:28,C:\Users\User\AppData\Roaming\Microsoft\Windows\Start Menu\Programs\Visual Studio Code\Visual Studio Code.lnk,C:\Users\User\AppData\Local\Programs\Microsoft VS Code\Code.exe
Windows PowerShell (x86),2021-10-06 오후 2:46:03,C:\Users\User\AppData\Roaming\Microsoft\Windows\Start Menu\Programs\Windows PowerShell\Windows PowerShell (x86).lnk,C:\Windows\SysWOW64\WindowsPowerShell\v1.0\powershell.exe
Windows PowerShell,2021-10-06 오후 2:46:03,C:\Users\User\AppData\Roaming\Microsoft\Windows\Start Menu\Programs\Windows PowerShell\Windows PowerShell.lnk,C:\Windows\System32\WindowsPowerShell\v1.0\powershell.exe
Uninstall Zoom,2022-11-17 오전 4:07:14,C:\Users\User\AppData\Roaming\Microsoft\Windows\Start Menu\Programs\Zoom\Uninstall Zoom.lnk,C:\Users\User\AppData\Roaming\Zoom\uninstall\Installer.exe
Zoom,2022-11-17 오전 4:07:14,C:\Users\User\AppData\Roaming\Microsoft\Windows\Start Menu\Programs\Zoom\Zoom.lnk,C:\Users\User\AppData\Roaming\Zoom\bin\Zoom.exe
Uninstall,2022-12-13 오후 1:00:49,C:\Users\User\AppData\Roaming\Microsoft\Windows\Start Menu\Programs\마우스 트레이서\Uninstall.lnk,C:\Program Files (x86)\MouseTracer\uninst.exe
마우스 트레이서,2022-12-13 오후 1:00:32,C:\Users\User\AppData\Roaming\Microsoft\Windows\Start Menu\Programs\마우스 트레이서\마우스 트레이서.lnk,C:\Program Files (x86)\MouseTracer\MouseTracer.exe
킨포크소프트 사이트,2022-12-13 오후 1:00:32,C:\Users\User\AppData\Roaming\Microsoft\Windows\Start Menu\Programs\마우스 트레이서\킨포크소프트 사이트.lnk,C:\Program Files (x86)\MouseTracer\마우스 트레이서.url
바탕 화면 달력 - 삭제,2022-09-07 오후 2:52:34,C:\Users\User\AppData\Roaming\Microsoft\Windows\Start Menu\Programs\캘린더 목록\바탕 화면 달력 - 삭제.lnk,C:\Users\User\AppData\Roaming\DesktopCal\uninst.exe
캘린더 목록 홈페이지,2022-09-07 오후 2:52:21,C:\Users\User\AppData\Roaming\Microsoft\Windows\Start Menu\Programs\캘린더 목록\캘린더 목록 홈페이지.lnk,C:\Users\User\AppData\Roaming\DesktopCal\XDiarys.url
캘린더 목록,2022-09-07 오후 2:52:21,C:\Users\User\AppData\Roaming\Microsoft\Windows\Start Menu\Programs\캘린더 목록\캘린더 목록.lnk,C:\Users\User\AppData\Roaming\DesktopCal\desktopcal.exe
010 Editor Help File,2022-05-16 오전 4:23:43,C:\ProgramData\Microsoft\Windows\Start Menu\Programs\010 Editor\010 Editor Help File.lnk,C:\Program Files\010 Editor\assistant.exe
010 Editor Homepage,2022-05-16 오전 4:23:43,C:\ProgramData\Microsoft\Windows\Start Menu\Programs\010 Editor\010 Editor Homepage.lnk,C:\Program Files\010 Editor\010Editor.url
010 Editor Support Online,2022-05-16 오전 4:23:43,C:\ProgramData\Microsoft\Windows\Start Menu\Programs\010 Editor\010 Editor Support Online.lnk,C:\Program Files\010 Editor\Support.url
010 Editor,2022-05-16 오전 4:23:43,C:\ProgramData\Microsoft\Windows\Start Menu\Programs\010 Editor\010 Editor.lnk,C:\Program Files\010 Editor\010Editor.exe
Buy Now,2022-05-16 오전 4:23:43,C:\ProgramData\Microsoft\Windows\Start Menu\Programs\010 Editor\Buy Now.lnk,C:\Program Files\010 Editor\BuyNow.url
Uninstall 010 Editor,2022-05-16 오전 4:23:43,C:\ProgramData\Microsoft\Windows\Start Menu\Programs\010 Editor\Uninstall 010 Editor.lnk,C:\Program Files\010 Editor\unins000.exe
7-Zip File Manager,2022-05-27 오후 2:12:09,C:\ProgramData\Microsoft\Windows\Start Menu\Programs\7-Zip\7-Zip File Manager.lnk,C:\Program Files\7-Zip\7zFM.exe
7-Zip Help,2022-05-27 오후 2:12:09,C:\ProgramData\Microsoft\Windows\Start Menu\Programs\7-Zip\7-Zip Help.lnk,C:\Program Files\7-Zip\7-zip.chm
Access,2022-04-05 오후 11:59:27,C:\ProgramData\Microsoft\Windows\Start Menu\Programs\Access.lnk,C:\Program Files\Microsoft Office\root\Office16\MSACCESS.EXE
FTK Imager,2022-03-05 오후 12:21:15,C:\ProgramData\Microsoft\Windows\Start Menu\Programs\AccessData\FTK Imager\FTK Imager.lnk,C:\Program Files\AccessData\FTK Imager\FTK Imager.exe
Speech Recognition,2019-12-07 오전 9:08:58,C:\ProgramData\Microsoft\Windows\Start Menu\Programs\Accessibility\Speech Recognition.lnk,C:\Windows\Speech\Common\sapisvr.exe
Math Input Panel,2019-12-06 오후 9:55:00,C:\ProgramData\Microsoft\Windows\Start Menu\Programs\Accessories\Math Input Panel.lnk,C:\Program Files\Common Files\Microsoft Shared\Ink\mip.exe
Notepad,2019-12-06 오후 9:48:00,C:\ProgramData\Microsoft\Windows\Start Menu\Programs\Accessories\Notepad.lnk,C:\Windows\system32\notepad.exe
Paint,2019-12-06 오후 9:49:00,C:\ProgramData\Microsoft\Windows\Start Menu\Programs\Accessories\Paint.lnk,C:\Windows\system32\mspaint.exe
Quick Assist,2019-12-06 오후 9:58:00,C:\ProgramData\Microsoft\Windows\Start Menu\Programs\Accessories\Quick Assist.lnk,C:\Windows\system32\quickassist.exe
Remote Desktop Connection,2019-12-07 오전 9:09:51,C:\ProgramData\Microsoft\Windows\Start Menu\Programs\Accessories\Remote Desktop Connection.lnk,C:\Windows\system32\mstsc.exe
Snipping Tool,2019-12-07 오전 9:09:47,C:\ProgramData\Microsoft\Windows\Start Menu\Programs\Accessories\Snipping Tool.lnk,C:\Windows\system32\SnippingTool.exe
Steps Recorder,2019-12-06 오후 9:49:00,C:\ProgramData\Microsoft\Windows\Start Menu\Programs\Accessories\Steps Recorder.lnk,C:\Windows\system32\psr.exe
Character Map,2019-12-07 오전 9:09:47,C:\ProgramData\Microsoft\Windows\Start Menu\Programs\Accessories\System Tools\Character Map.lnk,C:\Windows\system32\charmap.exe
Windows Fax and Scan,2019-12-06 오후 9:48:00,C:\ProgramData\Microsoft\Windows\Start Menu\Programs\Accessories\Windows Fax and Scan.lnk,C:\Windows\system32\WFS.exe
Windows Media Player,2019-12-06 오후 9:46:00,C:\ProgramData\Microsoft\Windows\Start Menu\Programs\Accessories\Windows Media Player.lnk,C:\Program Files (x86)\Windows Media Player\wmplayer.exe
Wordpad,2019-12-06 오후 9:49:00,C:\ProgramData\Microsoft\Windows\Start Menu\Programs\Accessories\Wordpad.lnk,C:\Program Files\Windows NT\Accessories\wordpad.exe
XPS Viewer,2020-08-23 오전 10:00:20,C:\ProgramData\Microsoft\Windows\Start Menu\Programs\Accessories\XPS Viewer.lnk,C:\Windows\system32\xpsrchvw.exe
Component Services,2019-12-07 오전 9:09:37,C:\ProgramData\Microsoft\Windows\Start Menu\Programs\Administrative Tools\Component Services.lnk,C:\Windows\system32\comexp.msc
Computer Management,2019-12-07 오전 9:09:37,C:\ProgramData\Microsoft\Windows\Start Menu\Programs\Administrative Tools\Computer Management.lnk,C:\Windows\system32\compmgmt.msc
dfrgui,2019-12-07 오전 9:09:37,C:\ProgramData\Microsoft\Windows\Start Menu\Programs\Administrative Tools\dfrgui.lnk,C:\Windows\system32\dfrgui.exe
Disk Cleanup,2019-12-07 오전 9:09:37,C:\ProgramData\Microsoft\Windows\Start Menu\Programs\Administrative Tools\Disk Cleanup.lnk,C:\Windows\system32\cleanmgr.exe
Event Viewer,2019-12-07 오전 9:09:39,C:\ProgramData\Microsoft\Windows\Start Menu\Programs\Administrative Tools\Event Viewer.lnk,C:\Windows\system32\eventvwr.msc
iSCSI Initiator,2019-12-07 오전 9:09:41,C:\ProgramData\Microsoft\Windows\Start Menu\Programs\Administrative Tools\iSCSI Initiator.lnk,C:\Windows\system32\iscsicpl.exe
Memory Diagnostics Tool,2019-12-07 오전 9:09:54,C:\ProgramData\Microsoft\Windows\Start Menu\Programs\Administrative Tools\Memory Diagnostics Tool.lnk,C:\Windows\system32\MdSched.exe
ODBC Data Sources (32-bit),2019-12-07 오전 9:10:02,C:\ProgramData\Microsoft\Windows\Start Menu\Programs\Administrative Tools\ODBC Data Sources (32-bit).lnk,C:\Windows\syswow64\odbcad32.exe
ODBC Data Sources (64-bit),2019-12-07 오전 9:09:41,C:\ProgramData\Microsoft\Windows\Start Menu\Programs\Administrative Tools\ODBC Data Sources (64-bit).lnk,C:\Windows\system32\odbcad32.exe
Performance Monitor,2019-12-07 오전 9:09:45,C:\ProgramData\Microsoft\Windows\Start Menu\Programs\Administrative Tools\Performance Monitor.lnk,C:\Windows\system32\perfmon.msc
Print Management,2019-12-06 오후 9:46:00,C:\ProgramData\Microsoft\Windows\Start Menu\Programs\Administrative Tools\Print Management.lnk,C:\Windows\system32\printmanagement.msc
RecoveryDrive,2019-12-07 오전 9:09:45,C:\ProgramData\Microsoft\Windows\Start Menu\Programs\Administrative Tools\RecoveryDrive.lnk,C:\Windows\system32\RecoveryDrive.exe
Registry Editor,2019-12-07 오전 9:09:45,C:\ProgramData\Microsoft\Windows\Start Menu\Programs\Administrative Tools\Registry Editor.lnk,C:\Windows\regedit.exe
Resource Monitor,2019-12-07 오전 9:09:45,C:\ProgramData\Microsoft\Windows\Start Menu\Programs\Administrative Tools\Resource Monitor.lnk,C:\Windows\system32\perfmon.exe
Security Configuration Management,2019-12-07 오전 9:10:21,C:\ProgramData\Microsoft\Windows\Start Menu\Programs\Administrative Tools\Security Configuration Management.lnk,C:\Windows\system32\secpol.msc
services,2019-12-07 오전 9:09:47,C:\ProgramData\Microsoft\Windows\Start Menu\Programs\Administrative Tools\services.lnk,C:\Windows\system32\services.msc
System Configuration,2019-12-07 오전 9:09:44,C:\ProgramData\Microsoft\Windows\Start Menu\Programs\Administrative Tools\System Configuration.lnk,C:\Windows\system32\msconfig.exe
System Information,2019-12-07 오전 9:09:54,C:\ProgramData\Microsoft\Windows\Start Menu\Programs\Administrative Tools\System Information.lnk,C:\Windows\system32\msinfo32.exe
Task Scheduler,2019-12-07 오전 9:09:00,C:\ProgramData\Microsoft\Windows\Start Menu\Programs\Administrative Tools\Task Scheduler.lnk,C:\Windows\system32\taskschd.msc
Windows Defender Firewall with Advanced Security,2019-12-07 오전 9:08:33,C:\ProgramData\Microsoft\Windows\Start Menu\Programs\Administrative Tools\Windows Defender Firewall with Advanced Security.lnk,C:\Windows\system32\WF.msc
AhnLab V3 Lite 제거,2021-10-07 오전 10:29:28,C:\ProgramData\Microsoft\Windows\Start Menu\Programs\AhnLab V3 Lite\AhnLab V3 Lite 제거.lnk,C:\Program Files\AhnLab\V3Lite40\Uninst.exe
AhnLab V3 Lite,2021-10-07 오전 10:29:12,C:\ProgramData\Microsoft\Windows\Start Menu\Programs\AhnLab V3 Lite\AhnLab V3 Lite.lnk,C:\Program Files\AhnLab\V3Lite40\v3lite4.exe
AhnReport,2021-10-07 오전 10:29:12,C:\ProgramData\Microsoft\Windows\Start Menu\Programs\AhnLab V3 Lite\AhnReport.lnk,C:\Program Files\AhnLab\V3Lite40\AhnRpt.exe
Blend for Visual Studio 2019,2021-10-07 오후 12:43:30,C:\ProgramData\Microsoft\Windows\Start Menu\Programs\Blend for Visual Studio 2019.lnk,C:\Program Files (x86)\Microsoft Visual Studio\2019\Community\Common7\IDE\Blend.exe
써트피아 전자문서 검증뷰어,2022-06-22 오전 9:10:48,C:\ProgramData\Microsoft\Windows\Start Menu\Programs\Certpia 전자문서검증\써트피아 전자문서 검증뷰어.lnk,C:\Users\User\AppData\Roaming\CertpiaVerifier\CertVerifier.exe
Chrome,2022-12-16 오전 9:11:57,C:\ProgramData\Microsoft\Windows\Start Menu\Programs\Chrome.lnk,C:\Program Files\Google\Chrome\Application\chrome.exe
DFAS Pro DEMO - uninstall,2022-12-11 오후 5:52:56,C:\ProgramData\Microsoft\Windows\Start Menu\Programs\DFAS Pro DEMO\DFAS Pro DEMO - uninstall.lnk,C:\Users\Public\Documents\DOUZONE\DFAS_PRO\uni\unins000.exe
DFAS Pro DEMO,2022-12-11 오전 7:19:44,C:\ProgramData\Microsoft\Windows\Start Menu\Programs\DFAS Pro DEMO\DFAS Pro DEMO.lnk,C:\Program Files (x86)\DOUZONE\DFAS Pro DEMO\DFASAnalyzerPRO.exe
Excel,2021-10-07 오전 11:09:47,C:\ProgramData\Microsoft\Windows\Start Menu\Programs\Excel.lnk,C:\Program Files\Microsoft Office\root\Office16\EXCEL.EXE
Git Bash,2022-02-15 오후 1:00:07,C:\ProgramData\Microsoft\Windows\Start Menu\Programs\Git\Git Bash.lnk,C:\Program Files\Git\git-bash.exe
Git CMD,2022-02-15 오후 1:00:07,C:\ProgramData\Microsoft\Windows\Start Menu\Programs\Git\Git CMD.lnk,C:\Program Files\Git\git-cmd.exe
Git GUI,2022-02-15 오후 1:00:07,C:\ProgramData\Microsoft\Windows\Start Menu\Programs\Git\Git GUI.lnk,C:\Program Files\Git\cmd\git-gui.exe
Git Release Notes,2022-02-15 오후 1:00:07,C:\ProgramData\Microsoft\Windows\Start Menu\Programs\Git\Git Release Notes.lnk,C:\Program Files\Git\ReleaseNotes.html
Changelog,2021-10-07 오전 11:27:25,C:\ProgramData\Microsoft\Windows\Start Menu\Programs\HxD Hex Editor\Changelog.lnk,C:\Program Files\HxD\changelog.txt
HxD,2021-10-07 오전 11:27:25,C:\ProgramData\Microsoft\Windows\Start Menu\Programs\HxD Hex Editor\HxD.lnk,C:\Program Files\HxD\HxD.exe
License,2021-10-07 오전 11:27:25,C:\ProgramData\Microsoft\Windows\Start Menu\Programs\HxD Hex Editor\License.lnk,C:\Program Files\HxD\license.txt
Readme,2021-10-07 오전 11:27:25,C:\ProgramData\Microsoft\Windows\Start Menu\Programs\HxD Hex Editor\Readme.lnk,C:\Program Files\HxD\readme.txt
Immersive Control Panel,2019-12-07 오전 9:10:31,C:\ProgramData\Microsoft\Windows\Start Menu\Programs\Immersive Control Panel.lnk,C:\Windows\System32\Control.exe
nProtect Online Security V1.0,2021-12-24 오전 5:12:15,C:\ProgramData\Microsoft\Windows\Start Menu\Programs\INCAInternet\nProtect Online Security V1.0.lnk,C:\Program Files (x86)\INCAInternet\nProtect Online Security\nos_launcher.exe
Uninstall,2022-09-12 오후 1:40:28,C:\ProgramData\Microsoft\Windows\Start Menu\Programs\Kollus Player v3\Uninstall.lnk,C:\Program Files (x86)\KollusPlayer3\Uninstall.exe
다운로드 홈,2022-09-12 오후 12:01:46,C:\ProgramData\Microsoft\Windows\Start Menu\Programs\Kollus Player v3\다운로드 홈.lnk,C:\Program Files (x86)\KollusPlayer3\WebDlg.exe
Lenovo Migration Assistant 제거,2021-10-06 오후 6:26:14,C:\ProgramData\Microsoft\Windows\Start Menu\Programs\Lenovo Migration Assistant\Lenovo Migration Assistant 제거.lnk,C:\Program Files\Lenovo\Lenovo Migration Assistant\unins000.exe
Lenovo Migration Assistant,2021-10-06 오후 6:26:14,C:\ProgramData\Microsoft\Windows\Start Menu\Programs\Lenovo Migration Assistant\Lenovo Migration Assistant.lnk,C:\Program Files\Lenovo\Lenovo Migration Assistant\MigrationAssistant.exe
Microsoft Edge,2022-12-17 오전 4:23:51,C:\ProgramData\Microsoft\Windows\Start Menu\Programs\Microsoft Edge.lnk,C:\Program Files (x86)\Microsoft\Edge\Application\msedge.exe
Database Compare,2022-04-05 오후 11:59:27,C:\ProgramData\Microsoft\Windows\Start Menu\Programs\Microsoft Office 도구\Database Compare.lnk,C:\Program Files\Microsoft Office\root\Client\AppVLP.exe
Office 언어 기본 설정,2021-10-07 오전 11:09:47,C:\ProgramData\Microsoft\Windows\Start Menu\Programs\Microsoft Office 도구\Office 언어 기본 설정.lnk,C:\Program Files\Microsoft Office\root\Office16\SETLANG.EXE
Office용 원격 분석 로그,2022-04-05 오후 11:59:27,C:\ProgramData\Microsoft\Windows\Start Menu\Programs\Microsoft Office 도구\Office용 원격 분석 로그.lnk,C:\Program Files\Microsoft Office\root\Office16\msoev.exe
Spreadsheet Compare,2022-04-05 오후 11:59:27,C:\ProgramData\Microsoft\Windows\Start Menu\Programs\Microsoft Office 도구\Spreadsheet Compare.lnk,C:\Program Files\Microsoft Office\root\Client\AppVLP.exe
비즈니스용 Skype 기록 관리자,2022-04-05 오후 11:59:27,C:\ProgramData\Microsoft\Windows\Start Menu\Programs\Microsoft Office 도구\비즈니스용 Skype 기록 관리자.lnk,C:\Program Files\Microsoft Office\root\Office16\OcPubMgr.exe
ChangeLog,2021-10-07 오전 11:28:56,C:\ProgramData\Microsoft\Windows\Start Menu\Programs\MySQL\MySQL Connector Net 8.0.26\ChangeLog.lnk,C:\Program Files (x86)\MySQL\Connector NET 8.0\CHANGES
Documentation,2021-10-07 오전 11:28:56,C:\ProgramData\Microsoft\Windows\Start Menu\Programs\MySQL\MySQL Connector Net 8.0.26\Documentation.lnk,C:\Program Files (x86)\MySQL\Connector NET 8.0\Documentation\ConnectorNET.chm
Release Notes,2021-10-07 오전 11:28:56,C:\ProgramData\Microsoft\Windows\Start Menu\Programs\MySQL\MySQL Connector Net 8.0.26\Release Notes.lnk,C:\Program Files (x86)\MySQL\Connector NET 8.0\Release Notes.txt
MySQL Installer - Community,2021-10-07 오전 11:24:32,C:\ProgramData\Microsoft\Windows\Start Menu\Programs\MySQL\MySQL Installer - Community\MySQL Installer - Community.lnk,C:\Program Files (x86)\MySQL\MySQL Installer for Windows\MySQLInstaller.exe
MySQL 8.0 Command Line Client - Unicode,2021-10-07 오전 11:30:50,C:\ProgramData\Microsoft\Windows\Start Menu\Programs\MySQL\MySQL Server 8.0\MySQL 8.0 Command Line Client - Unicode.lnk,C:\Program Files\MySQL\MySQL Server 8.0\bin\mysql.exe
MySQL 8.0 Command Line Client,2021-10-07 오전 11:30:50,C:\ProgramData\Microsoft\Windows\Start Menu\Programs\MySQL\MySQL Server 8.0\MySQL 8.0 Command Line Client.lnk,C:\Program Files\MySQL\MySQL Server 8.0\bin\mysql.exe
MySQL Shell,2021-10-07 오전 11:28:44,C:\ProgramData\Microsoft\Windows\Start Menu\Programs\MySQL\MySQL Shell.lnk,C:\Program Files\MySQL\MySQL Shell 8.0\bin\mysqlsh.exe
MySQL Workbench 8.0 CE,2021-10-07 오전 11:26:01,C:\ProgramData\Microsoft\Windows\Start Menu\Programs\MySQL\MySQL Workbench 8.0 CE.lnk,C:\Program Files\MySQL\MySQL Workbench 8.0\MySQLWorkbench.exe
Browse CUDA Samples,2022-05-27 오후 5:24:48,C:\ProgramData\Microsoft\Windows\Start Menu\Programs\NVIDIA Corporation\CUDA Samples\v11.0\Browse CUDA Samples.lnk,C:\ProgramData\NVIDIA Corporation\CUDA Samples\v11.0
CUDA Samples Documentation,2022-05-27 오후 5:25:03,C:\ProgramData\Microsoft\Windows\Start Menu\Programs\NVIDIA Corporation\CUDA Samples\v11.0\CUDA Samples Documentation.lnk,C:\Program Files\NVIDIA GPU Computing Toolkit\CUDA\v11.0\doc\html\cuda-samples\index.html
CUDA Documentation,2022-05-27 오후 5:25:03,C:\ProgramData\Microsoft\Windows\Start Menu\Programs\NVIDIA Corporation\CUDA Toolkit\v11.0\CUDA Documentation.lnk,C:\Program Files\NVIDIA GPU Computing Toolkit\CUDA\v11.0\doc\html\index.html
CUDA Installation Guide,2022-05-27 오후 5:25:03,C:\ProgramData\Microsoft\Windows\Start Menu\Programs\NVIDIA Corporation\CUDA Toolkit\v11.0\CUDA Installation Guide.lnk,C:\Program Files\NVIDIA GPU Computing Toolkit\CUDA\v11.0\doc\html\cuda-installation-guide-microsoft-windows\index.html
Visual Profiler,2022-05-27 오후 5:24:58,C:\ProgramData\Microsoft\Windows\Start Menu\Programs\NVIDIA Corporation\CUDA Toolkit\v11.0\Visual Profiler.lnk,C:\Program Files\NVIDIA GPU Computing Toolkit\CUDA\v11.0\libnvvp\nvvp.exe
GeForce Experience,2022-06-07 오전 10:42:55,C:\ProgramData\Microsoft\Windows\Start Menu\Programs\NVIDIA Corporation\GeForce Experience.lnk,C:\Program Files\NVIDIA Corporation\NVIDIA GeForce Experience\NVIDIA GeForce Experience.exe
Nsight Compute,2022-05-27 오후 5:22:53,C:\ProgramData\Microsoft\Windows\Start Menu\Programs\NVIDIA Corporation\Nsight Compute 2020.1.1\Nsight Compute.lnk,C:\Program Files\NVIDIA Corporation\Nsight Compute 2020.1.1\host\windows-desktop-win7-x64\ncu-ui.exe
Uninstall NVIDIA Nsight Compute 2020.1.1,2022-05-27 오후 5:22:53,C:\ProgramData\Microsoft\Windows\Start Menu\Programs\NVIDIA Corporation\Nsight Compute 2020.1.1\Uninstall NVIDIA Nsight Compute 2020.1.1.lnk,C:\Windows\SysWOW64\msiexec.exe
Nsight Systems 2020.3.2,2022-05-27 오후 5:22:42,C:\ProgramData\Microsoft\Windows\Start Menu\Programs\NVIDIA Corporation\Nsight Systems 2020.3.2\Nsight Systems 2020.3.2.lnk,C:\Program Files\NVIDIA Corporation\Nsight Systems 2020.3.2\host-windows-x64\nsight-sys.exe
Uninstall NVIDIA Nsight Systems 2020.3.2,2022-05-27 오후 5:22:42,C:\ProgramData\Microsoft\Windows\Start Menu\Programs\NVIDIA Corporation\Nsight Systems 2020.3.2\Uninstall NVIDIA Nsight Systems 2020.3.2.lnk,C:\Windows\SysWOW64\msiexec.exe
Browse Nsight Code Samples,2022-05-27 오후 5:23:10,C:\ProgramData\Microsoft\Windows\Start Menu\Programs\NVIDIA Corporation\Nsight Visual Studio Edition 2020.1\Browse Nsight Code Samples.lnk,C:\Program Files (x86)\NVIDIA Corporation\Nsight Visual Studio Edition 2020.1\Host\Samples
Nsight Monitor,2022-05-27 오후 5:23:10,C:\ProgramData\Microsoft\Windows\Start Menu\Programs\NVIDIA Corporation\Nsight Visual Studio Edition 2020.1\Nsight Monitor.lnk,C:\Program Files (x86)\NVIDIA Corporation\Nsight Visual Studio Edition 2020.1\Monitor\Common\Nsight.Monitor.exe
Nsight Redistributable,2022-05-27 오후 5:23:44,C:\ProgramData\Microsoft\Windows\Start Menu\Programs\NVIDIA Corporation\Nsight Visual Studio Edition 2020.1\Nsight Redistributable.lnk,C:\ProgramData\NVIDIA Corporation\Nsight\NVIDIA_Nsight_Visual_Studio_Edition_Win64_2020.1.1.20163.msi
Browse NVIDIA Tools Extension,2022-05-27 오후 5:23:10,C:\ProgramData\Microsoft\Windows\Start Menu\Programs\NVIDIA Corporation\NVIDIA Tools Extension (64 bit)\Browse NVIDIA Tools Extension.lnk,C:\Program Files\NVIDIA Corporation\NvToolsExt
OBS Studio (64bit),2021-10-30 오전 2:37:49,C:\ProgramData\Microsoft\Windows\Start Menu\Programs\OBS Studio\OBS Studio (64bit).lnk,C:\Program Files\obs-studio\bin\64bit\obs64.exe
Uninstall,2021-10-30 오전 2:37:58,C:\ProgramData\Microsoft\Windows\Start Menu\Programs\OBS Studio\Uninstall.lnk,C:\Program Files\obs-studio\uninstall.exe
OneDrive,2022-12-10 오후 1:12:53,C:\ProgramData\Microsoft\Windows\Start Menu\Programs\OneDrive.lnk,C:\Program Files\Microsoft OneDrive\OneDrive.exe
OneNote,2022-04-05 오후 11:59:27,C:\ProgramData\Microsoft\Windows\Start Menu\Programs\OneNote.lnk,C:\Program Files\Microsoft Office\root\Office16\ONENOTE.EXE
Run OpenStego,2021-11-26 오후 3:30:18,C:\ProgramData\Microsoft\Windows\Start Menu\Programs\OpenStego\Run OpenStego.lnk,C:\Users\User\Desktop\javaw.exe
Uninstall OpenStego,2021-11-26 오후 3:30:21,C:\ProgramData\Microsoft\Windows\Start Menu\Programs\OpenStego\Uninstall OpenStego.lnk,C:\Program Files (x86)\OpenStego\Uninstall.exe
Outlook,2022-04-05 오후 11:59:27,C:\ProgramData\Microsoft\Windows\Start Menu\Programs\Outlook.lnk,C:\Program Files\Microsoft Office\root\Office16\OUTLOOK.EXE
PC Health Check,2022-04-28 오전 11:51:48,C:\ProgramData\Microsoft\Windows\Start Menu\Programs\PC Health Check.lnk,C:\Program Files\PCHealthCheck\PCHealthCheck.exe
PowerPoint,2021-10-07 오전 11:09:47,C:\ProgramData\Microsoft\Windows\Start Menu\Programs\PowerPoint.lnk,C:\Program Files\Microsoft Office\root\Office16\POWERPNT.EXE
Publisher,2022-04-05 오후 11:59:27,C:\ProgramData\Microsoft\Windows\Start Menu\Programs\Publisher.lnk,C:\Program Files\Microsoft Office\root\Office16\MSPUB.EXE
IDLE (Python GUI),2022-03-27 오후 1:21:19,C:\ProgramData\Microsoft\Windows\Start Menu\Programs\Python 2.7\IDLE (Python GUI).lnk,C:\Windows\Installer\{A5F504DF-2ED9-4A2D-A2F3-9D2750DD42D6}\python_icon.exe
Module Docs,2022-03-27 오후 1:21:19,C:\ProgramData\Microsoft\Windows\Start Menu\Programs\Python 2.7\Module Docs.lnk,C:\Windows\Installer\{A5F504DF-2ED9-4A2D-A2F3-9D2750DD42D6}\python_icon.exe
Python (command line),2022-03-27 오후 1:21:19,C:\ProgramData\Microsoft\Windows\Start Menu\Programs\Python 2.7\Python (command line).lnk,C:\Windows\Installer\{A5F504DF-2ED9-4A2D-A2F3-9D2750DD42D6}\python_icon.exe
Python Manuals,2022-03-27 오후 1:21:20,C:\ProgramData\Microsoft\Windows\Start Menu\Programs\Python 2.7\Python Manuals.lnk,C:\Python27\Doc\python2718.chm
Uninstall Python,2022-03-27 오후 1:21:20,C:\ProgramData\Microsoft\Windows\Start Menu\Programs\Python 2.7\Uninstall Python.lnk,C:\Windows\system32\msiexec.exe
Realtek HD Audio Manager,2021-10-06 오후 6:02:24,C:\ProgramData\Microsoft\Windows\Start Menu\Programs\Realtek\Realtek HD Audio Manager.lnk,C:\Program Files\Realtek\Audio\HDA\RAVCpl64.exe
League of Legends,2021-10-07 오후 12:03:46,C:\ProgramData\Microsoft\Windows\Start Menu\Programs\Riot Games\League of Legends.lnk,D:\Riot Games\Riot Client\RiotClientServices.exe
라이엇 클라이언트,2021-10-08 오전 10:19:23,C:\ProgramData\Microsoft\Windows\Start Menu\Programs\Riot Games\라이엇 클라이언트.lnk,D:\Riot Games\Riot Client\RiotClientServices.exe
SASM,2021-11-27 오후 12:29:28,C:\ProgramData\Microsoft\Windows\Start Menu\Programs\SASM\SASM.lnk,C:\Program Files (x86)\SASM\sasm.exe
Uninstall SASM,2021-11-27 오후 12:29:44,C:\ProgramData\Microsoft\Windows\Start Menu\Programs\SASM\Uninstall SASM.lnk,C:\Program Files (x86)\SASM\unins000.exe
Tailscale,2022-10-24 오후 4:18:08,C:\ProgramData\Microsoft\Windows\Start Menu\Programs\StartUp\Tailscale.lnk,C:\Program Files (x86)\Tailscale IPN\tailscale-ipn.exe
Sublime Text,2021-10-07 오전 11:37:50,C:\ProgramData\Microsoft\Windows\Start Menu\Programs\Sublime Text.lnk,C:\Program Files\Sublime Text\sublime_text.exe
Task Manager,2019-12-07 오전 9:08:44,C:\ProgramData\Microsoft\Windows\Start Menu\Programs\System Tools\Task Manager.lnk,C:\Windows\system32\taskmgr.exe
Tailscale,2022-10-24 오후 4:18:08,C:\ProgramData\Microsoft\Windows\Start Menu\Programs\Tailscale.lnk,C:\Program Files (x86)\Tailscale IPN\tailscale-ipn.exe
Debuggable Package Manager,2021-10-07 오후 12:36:20,C:\ProgramData\Microsoft\Windows\Start Menu\Programs\Visual Studio 2019\Visual Studio Tools\Debuggable Package Manager.lnk,C:\Windows\SysWOW64\WindowsPowerShell\v1.0\powershell.exe
Developer Command Prompt for VS 2019,2021-10-07 오후 12:35:14,C:\ProgramData\Microsoft\Windows\Start Menu\Programs\Visual Studio 2019\Visual Studio Tools\Developer Command Prompt for VS 2019.lnk,C:\Windows\System32\cmd.exe
Developer PowerShell for VS 2019,2021-10-07 오후 12:35:14,C:\ProgramData\Microsoft\Windows\Start Menu\Programs\Visual Studio 2019\Visual Studio Tools\Developer PowerShell for VS 2019.lnk,C:\Windows\SysWOW64\WindowsPowerShell\v1.0\powershell.exe
x64 Native Tools Command Prompt for VS 2019,2021-10-07 오후 12:41:36,C:\ProgramData\Microsoft\Windows\Start Menu\Programs\Visual Studio 2019\Visual Studio Tools\VC\x64 Native Tools Command Prompt for VS 2019.lnk,C:\Windows\System32\cmd.exe
x64_x86 Cross Tools Command Prompt for VS 2019,2021-10-07 오후 12:41:36,C:\ProgramData\Microsoft\Windows\Start Menu\Programs\Visual Studio 2019\Visual Studio Tools\VC\x64_x86 Cross Tools Command Prompt for VS 2019.lnk,C:\Windows\System32\cmd.exe
x86 Native Tools Command Prompt for VS 2019,2021-10-07 오후 12:41:36,C:\ProgramData\Microsoft\Windows\Start Menu\Programs\Visual Studio 2019\Visual Studio Tools\VC\x86 Native Tools Command Prompt for VS 2019.lnk,C:\Windows\System32\cmd.exe
x86_x64 Cross Tools Command Prompt for VS 2019,2021-10-07 오후 12:41:36,C:\ProgramData\Microsoft\Windows\Start Menu\Programs\Visual Studio 2019\Visual Studio Tools\VC\x86_x64 Cross Tools Command Prompt for VS 2019.lnk,C:\Windows\System32\cmd.exe
Visual Studio 2019,2021-11-19 오후 12:03:05,C:\ProgramData\Microsoft\Windows\Start Menu\Programs\Visual Studio 2019.lnk,C:\Program Files (x86)\Microsoft Visual Studio\2019\Community\Common7\IDE\devenv.exe
Visual Studio Installer,2021-11-19 오후 12:01:13,C:\ProgramData\Microsoft\Windows\Start Menu\Programs\Visual Studio Installer.lnk,C:\Program Files (x86)\Microsoft Visual Studio\Installer\setup.exe
Command Prompt for vctl,2021-10-07 오후 12:38:50,C:\ProgramData\Microsoft\Windows\Start Menu\Programs\VMware\Command Prompt for vctl.lnk,C:\Windows\System32\cmd.exe
Virtual Network Editor,2021-10-07 오후 12:38:50,C:\ProgramData\Microsoft\Windows\Start Menu\Programs\VMware\Virtual Network Editor.lnk,C:\Program Files (x86)\VMware\VMware Workstation\vmnetcfg.exe
VMware Workstation 16 Player,2021-10-07 오후 12:38:50,C:\ProgramData\Microsoft\Windows\Start Menu\Programs\VMware\VMware Workstation 16 Player.lnk,C:\Program Files (x86)\VMware\VMware Workstation\vmplayer.exe
VMware Workstation Pro,2021-10-07 오후 12:38:50,C:\ProgramData\Microsoft\Windows\Start Menu\Programs\VMware\VMware Workstation Pro.lnk,C:\Program Files (x86)\VMware\VMware Workstation\vmware.exe
Uninstall WAMP packaged by Bitnami,2021-11-25 오후 2:49:59,C:\ProgramData\Microsoft\Windows\Start Menu\Programs\WAMP packaged by Bitnami\Uninstall WAMP packaged by Bitnami.lnk,C:\Bitnami\wampstack-8.0.13-0\uninstall.exe
Use WAMP packaged by Bitnami,2021-11-25 오후 2:49:15,C:\ProgramData\Microsoft\Windows\Start Menu\Programs\WAMP packaged by Bitnami\Use WAMP packaged by Bitnami.lnk,C:\Bitnami\wampstack-8.0.13-0\use_wampstack.bat
WAMP packaged by Bitnami Manager Tool,2021-11-25 오후 2:49:16,C:\ProgramData\Microsoft\Windows\Start Menu\Programs\WAMP packaged by Bitnami\WAMP packaged by Bitnami Manager Tool.lnk,C:\Bitnami\wampstack-8.0.13-0\manager-windows.exe
Install WAMP packaged by Bitnami as service,2021-11-25 오후 2:49:15,C:\ProgramData\Microsoft\Windows\Start Menu\Programs\WAMP packaged by Bitnami\WAMP packaged by Bitnami Service\Install WAMP packaged by Bitnami as service.lnk,C:\Bitnami\wampstack-8.0.13-0\serviceinstall.bat
Start WAMP packaged by Bitnami service,2021-11-25 오후 2:49:16,C:\ProgramData\Microsoft\Windows\Start Menu\Programs\WAMP packaged by Bitnami\WAMP packaged by Bitnami Service\Start WAMP packaged by Bitnami service.lnk,C:\Bitnami\wampstack-8.0.13-0\servicerun.bat
Stop WAMP packaged by Bitnami service,2021-11-25 오후 2:49:16,C:\ProgramData\Microsoft\Windows\Start Menu\Programs\WAMP packaged by Bitnami\WAMP packaged by Bitnami Service\Stop WAMP packaged by Bitnami service.lnk,C:\Bitnami\wampstack-8.0.13-0\servicerun.bat
Uninstall WAMP packaged by Bitnami service,2021-11-25 오후 2:49:16,C:\ProgramData\Microsoft\Windows\Start Menu\Programs\WAMP packaged by Bitnami\WAMP packaged by Bitnami Service\Uninstall WAMP packaged by Bitnami service.lnk,C:\Bitnami\wampstack-8.0.13-0\serviceinstall.bat
Application Verifier (X64),2021-10-07 오후 12:42:11,C:\ProgramData\Microsoft\Windows\Start Menu\Programs\Windows Kits\Application Verifier (X64)\Application Verifier (X64).lnk,C:\Windows\System32\appverif.exe
Application Verifier Help,2021-10-07 오후 12:42:11,C:\ProgramData\Microsoft\Windows\Start Menu\Programs\Windows Kits\Application Verifier (X64)\Application Verifier Help.lnk,C:\Windows\System32\appverif.chm
Application Verifier (WOW),2021-10-07 오후 12:42:11,C:\ProgramData\Microsoft\Windows\Start Menu\Programs\Windows Kits\Application Verifier (X86)\Application Verifier (WOW).lnk,C:\Windows\SysWOW64\appverif.exe
Windows App Cert Kit,2021-10-07 오후 12:42:15,C:\ProgramData\Microsoft\Windows\Start Menu\Programs\Windows Kits\Windows App Certification Kit\Windows App Cert Kit.lnk,C:\Program Files (x86)\Windows Kits\10\App Certification Kit\appcertui.exe
Documentation for Desktop Apps,2021-10-07 오후 12:42:18,C:\ProgramData\Microsoft\Windows\Start Menu\Programs\Windows Kits\Windows Software Development Kit\Documentation for Desktop Apps.lnk,C:\Program Files (x86)\Windows Kits\10\Shortcuts\DesktopDevCenterLearn.url
Documentation for Windows Store Apps,2021-10-07 오후 12:42:19,C:\ProgramData\Microsoft\Windows\Start Menu\Programs\Windows Kits\Windows Software Development Kit\Documentation for Windows Store Apps.lnk,C:\Program Files (x86)\Windows Kits\10\Shortcuts\WindowsStoreAppDevCenterLearn.url
Samples for Desktop Apps,2021-10-07 오후 12:42:18,C:\ProgramData\Microsoft\Windows\Start Menu\Programs\Windows Kits\Windows Software Development Kit\Samples for Desktop Apps.lnk,C:\Program Files (x86)\Windows Kits\10\Shortcuts\DesktopDevCenterSamples.url
Samples for Windows Store Apps,2021-10-07 오후 12:42:19,C:\ProgramData\Microsoft\Windows\Start Menu\Programs\Windows Kits\Windows Software Development Kit\Samples for Windows Store Apps.lnk,C:\Program Files (x86)\Windows Kits\10\Shortcuts\WindowsStoreAppDevCenterSamples.url
Tools for Desktop Apps,2021-10-07 오후 12:42:18,C:\ProgramData\Microsoft\Windows\Start Menu\Programs\Windows Kits\Windows Software Development Kit\Tools for Desktop Apps.lnk,C:\Program Files (x86)\Windows Kits\10\Shortcuts\DesktopDevCenterToolsDocumentation.url
Tools for Windows Store Apps,2021-10-07 오후 12:42:19,C:\ProgramData\Microsoft\Windows\Start Menu\Programs\Windows Kits\Windows Software Development Kit\Tools for Windows Store Apps.lnk,C:\Program Files (x86)\Windows Kits\10\Shortcuts\WindowsStoreAppDevCenterToolsDocumentation.url
Windows Software Development Kit,2021-10-07 오후 12:42:18,C:\ProgramData\Microsoft\Windows\Start Menu\Programs\Windows Kits\Windows Software Development Kit\Windows Software Development Kit.lnk,C:\Windows\explorer.exe
Windows PowerShell ISE (x86),2019-12-06 오후 5:04:00,C:\ProgramData\Microsoft\Windows\Start Menu\Programs\Windows PowerShell\Windows PowerShell ISE (x86).lnk,C:\Windows\syswow64\WindowsPowerShell\v1.0\PowerShell_ISE.exe
Windows PowerShell ISE,2019-12-06 오후 5:04:00,C:\ProgramData\Microsoft\Windows\Start Menu\Programs\Windows PowerShell\Windows PowerShell ISE.lnk,C:\Windows\system32\WindowsPowerShell\v1.0\PowerShell_ISE.exe
Wireshark,2022-05-21 오후 1:25:11,C:\ProgramData\Microsoft\Windows\Start Menu\Programs\Wireshark.lnk,C:\Program Files\Wireshark\Wireshark.exe
Word,2021-10-07 오전 11:09:47,C:\ProgramData\Microsoft\Windows\Start Menu\Programs\Word.lnk,C:\Program Files\Microsoft Office\root\Office16\WINWORD.EXE
Xftp,2022-11-14 오후 1:46:08,C:\ProgramData\Microsoft\Windows\Start Menu\Programs\Xftp 7\Xftp.lnk,C:\Program Files (x86)\NetSarang\Xftp 7\Xftp.exe
Xagent,2022-11-14 오전 11:27:24,C:\ProgramData\Microsoft\Windows\Start Menu\Programs\Xshell 7\Xagent.lnk,C:\Program Files (x86)\NetSarang\Xshell 7\Xagent.exe
Xshell,2022-11-14 오전 11:27:24,C:\ProgramData\Microsoft\Windows\Start Menu\Programs\Xshell 7\Xshell.lnk,C:\Program Files (x86)\NetSarang\Xshell 7\Xshell.exe
반디집,2021-10-07 오전 10:23:45,C:\ProgramData\Microsoft\Windows\Start Menu\Programs\반디집\반디집.lnk,C:\Program Files\Bandizip\Bandizip.exe
프로그램 제거,2021-10-07 오전 10:24:02,C:\ProgramData\Microsoft\Windows\Start Menu\Programs\반디집\프로그램 제거.lnk,C:\Program Files\Bandizip\Uninstall.exe
비즈니스용 Skype,2022-04-05 오후 11:59:27,C:\ProgramData\Microsoft\Windows\Start Menu\Programs\비즈니스용 Skype.lnk,C:\Program Files\Microsoft Office\root\Office16\lync.exe
알캡처,2022-11-14 오전 10:23:08,C:\ProgramData\Microsoft\Windows\Start Menu\Programs\알툴즈\알캡처.lnk,C:\Program Files (x86)\ESTsoft\ALCapture\ALCapture.exe
카카오톡 제거,2021-10-07 오전 10:31:20,C:\ProgramData\Microsoft\Windows\Start Menu\Programs\카카오톡\카카오톡 제거.lnk,C:\Program Files (x86)\Kakao\KakaoTalk\uninstall.exe
카카오톡,2021-10-07 오전 10:31:20,C:\ProgramData\Microsoft\Windows\Start Menu\Programs\카카오톡\카카오톡.lnk,C:\Program Files (x86)\Kakao\KakaoTalk\KakaoTalk.exe
한글 2018,2021-10-07 오전 11:00:23,C:\ProgramData\Microsoft\Windows\Start Menu\Programs\한글 2018.lnk,C:\Program Files (x86)\Hnc\Office 2018\HOffice100\Bin\Hwp.exe
한컴 자동 업데이트 2018,2021-10-07 오전 11:00:23,C:\ProgramData\Microsoft\Windows\Start Menu\Programs\한글과컴퓨터\한컴 자동 업데이트 2018.lnk,C:\Program Files (x86)\Hnc\Office 2018\HncUtils\Studio\HancomStudio.exe
한글 2018,2021-10-07 오전 11:00:23,C:\ProgramData\Microsoft\Windows\Start Menu\Programs\한글과컴퓨터\한컴오피스 2018\한글 2018.lnk,C:\Program Files (x86)\Hnc\Office 2018\HOffice100\Bin\Hwp.exe
한컴오피스 2018,2021-10-07 오전 11:00:23,C:\ProgramData\Microsoft\Windows\Start Menu\Programs\한글과컴퓨터\한컴오피스 2018\한컴오피스 2018.lnk,C:\Program Files (x86)\Hnc\Office 2018\HncUtils\Studio\HancomStudio.exe
알캡처,2022-11-14 오전 10:23:08,C:\ProgramData\Microsoft\Windows\Start Menu\알캡처.lnk,C:\Program Files (x86)\ESTsoft\ALCapture\ALCapture.exe
알툴즈 업데이트,2021-10-07 오전 10:28:34,C:\ProgramData\Microsoft\Windows\Start Menu\알툴즈 업데이트.lnk,C:\Program Files (x86)\ESTsoft\ALUpdate\ALUpdate.exe
Chrome,2022-02-09 오후 12:23:00,C:\Users\User\AppData\Roaming\Microsoft\Internet Explorer\Quick Launch\Chrome.lnk,C:\Program Files\Google\Chrome\Application\chrome.exe
Microsoft Edge,2022-02-09 오후 12:23:00,C:\Users\User\AppData\Roaming\Microsoft\Internet Explorer\Quick Launch\Microsoft Edge.lnk,C:\Program Files (x86)\Microsoft\Edge\Application\msedge.exe
Microsoft Outlook,2022-11-28 오전 11:08:03,C:\Users\User\AppData\Roaming\Microsoft\Internet Explorer\Quick Launch\Microsoft Outlook.lnk,C:\Program Files\Microsoft Office\root\Office16\OUTLOOK.EXE
League of Legends,2022-04-21 오전 11:10:40,C:\Users\User\AppData\Roaming\Microsoft\Internet Explorer\Quick Launch\User Pinned\ImplicitAppShortcuts\512c904ca96ecd5c\League of Legends.lnk,D:\Riot Games\League of Legends\LeagueClient.exe
Chrome,2021-10-07 오전 10:16:31,C:\Users\User\AppData\Roaming\Microsoft\Internet Explorer\Quick Launch\User Pinned\TaskBar\Chrome.lnk,C:\Program Files\Google\Chrome\Application\chrome.exe
HxD,2021-10-07 오전 11:27:38,C:\Users\User\AppData\Roaming\Microsoft\Internet Explorer\Quick Launch\User Pinned\TaskBar\HxD.lnk,C:\Program Files\HxD\HxD.exe
Microsoft Edge,2021-10-06 오후 6:27:43,C:\Users\User\AppData\Roaming\Microsoft\Internet Explorer\Quick Launch\User Pinned\TaskBar\Microsoft Edge.lnk,C:\Program Files (x86)\Microsoft\Edge\Application\msedge.exe
Notion,2022-01-27 오전 10:45:06,C:\Users\User\AppData\Roaming\Microsoft\Internet Explorer\Quick Launch\User Pinned\TaskBar\Notion.lnk,C:\Users\User\AppData\Local\Programs\Notion\Notion.exe
The Interactive Disassembler,2022-01-17 오후 4:16:56,C:\Users\User\AppData\Roaming\Microsoft\Internet Explorer\Quick Launch\User Pinned\TaskBar\The Interactive Disassembler.lnk,C:\Users\User\Desktop\Tool\IDA_Pro_7.5\ida.exe
알캡처,2021-10-07 오전 10:28:33,C:\Users\User\AppData\Roaming\Microsoft\Internet Explorer\Quick Launch\User Pinned\TaskBar\알캡처.lnk,C:\Program Files (x86)\ESTsoft\ALCapture\ALCapture.exe
Wireshark,2022-05-21 오후 1:25:11,C:\Users\User\AppData\Roaming\Microsoft\Internet Explorer\Quick Launch\Wireshark.lnk,C:\Program Files\Wireshark\Wireshark.exe
